X34PCH3,William Shaw,82009 Debra Forest Apt. 631 Eagle ID. 47566,730-09-5728,65,wshaw@byui.edu,+1-912-962-5327x61227,91000,2009-12-28,101,869,09,2006,34.7890775,-94.079491,MII-7874,91
0UC1GNP,Rodney Lynch,8711 Brittany Meadow Apt. 148 Melba ID. 04895,305-93-4110,59,rlynch@byui.edu,7685374315,99000,2005-09-22,113,860,05,1998,86.3419145,-138.024844,88R P93,75
ADCIJyQ,Carol Hutchinson,6447 Richardson Corners Suite 171 Newdale ID. 43622,840-42-1432,61,chutchinson@byui.edu,+1-385-875-4699x436,121000,1985-11-17,115,908,07,1975,2.3914665,66.26352,TA-3662,76
DI22XnE,Brooke Cruz,7107 Susan Creek Apt. 425 Hayden Lake ID. 73019,236-45-8038,48,bcruz@byui.edu,001-491-713-9320x873,81000,2005-05-01,104,805,01,1989,37.3447395,91.278282,489-479,65
65nmiS8,Karen Williams,8906 Desiree View Apt. 253 Dietrich ID. 26136,663-27-5847,61,kwilliams@byui.edu,695-868-6206x8389,91000,1974-09-18,115,907,03,2011,74.951257,-142.823167,5A PC209,55
274xR3m,Katherine White,4851 Hart Expressway Genesee ID. 04411,309-84-3917,68,kwhite@byui.edu,(495)347-1080x57561,112000,1974-04-26,110,789,02,2004,21.9351395,103.297265,6-9381L,65
BHfzLPL,Rachel Smith,19710 Betty Springs Blackfoot ID. 98693,617-51-6829,54,rsmith@byui.edu,001-387-451-6585x35796,113000,2009-03-30,128,850,03,1973,82.8481895,-99.386823,864-618,58
68MW0DA,Melissa Jones,809 Reyes Parkways Apt. 934 Bonners Ferry ID. 09745,704-81-3464,46,mjones@byui.edu,(193)123-2157x78230,110000,1981-03-30,116,813,09,1996,38.0935545,-41.873192,25-G557,98
2jv12a9,Erik Davis,733 Terry Valleys West Luke Oregon. 96269,177-10-2639,67,edavis@byui.edu,(588)981-3157,114000,1984-12-17,123,841,04,1983,-44.128594,-45.393576,5Q M7689,57
oL9ED14,Craig Long,79706 Paul Greens Caldwell ID. 48025,663-26-9677,64,clong@byui.edu,776-540-2623x5851,90000,2009-10-13,124,901,03,1977,25.9841295,73.658249,ZMA-5695,56
TN6VO63,Thomas Moore,874 Rhonda Port State Line ID. 32500,113-06-4490,71,tmoore@byui.edu,001-319-596-0202x544,106000,1986-12-09,103,898,12,1995,-86.6119275,-169.835394,4-7238Y,68
wcJAyB3,Jim Johnson,1642 Samuel Skyway St. Anthony ID. 16243,403-53-2999,73,jjohnson@byui.edu,017-548-3895x7916,105000,2016-08-25,128,733,10,2005,2.048092,-149.302717,LCR-288,74
jatv7F0,Jacob Wilson,797 Robert Ports Suite 102 Greenleaf ID. 75626,645-72-1475,52,jwilson@byui.edu,+1-417-795-6194x61273,72000,1979-08-20,127,879,03,1997,81.153047,0.371113,159 OYM,80
AMc11mE,Christopher Edwards,9801 Julie Route Apt. 467 Chubbuck ID. 37518,321-43-1493,40,cedwards@byui.edu,469-404-9371x09019,114000,2015-09-08,116,948,12,1994,-24.754403,132.346752,292 GNG,80
HL2mg96,Paul Sutton,37897 Rocha Haven Pierce ID. 31050,025-92-9098,54,psutton@byui.edu,001-467-385-6570x537,96000,1985-03-26,100,928,08,1975,3.2461855,-80.329729,HEQ 658,56
TXsCuBu,Nicholas West,711 Lee Drive Suite 022 McCall ID. 82902,690-40-2735,60,nwest@byui.edu,(612)634-2946x0064,102000,2016-02-05,119,838,09,1982,-24.2400725,140.011002,HTX-5458,78
Y4V62j0,Megan Choi,6296 Roberts Plains Apt. 538 Sugar City ID. 20834,206-55-4967,51,mchoi@byui.edu,365.251.9971,77000,1977-01-09,95,820,04,1978,34.026127,33.498429,757S,94
A7CTo03,Michael Hoffman,124 Martinez Summit Suite 863 Aberdeen ID. 24729,035-57-5009,62,mhoffman@byui.edu,965.790.4723x8614,111000,1995-07-13,95,885,03,1992,72.755853,-117.392125,HEC B38,85
00ZZ8oY,Tony Bell,2777 Rhonda Hill Council ID. 51181,839-12-0281,51,tbell@byui.edu,+1-221-948-3244x81460,109000,2010-10-10,107,903,05,1990,34.6675285,148.790108,CQC2517,84
zKr26x8,Cathy Buckley,17147 Robert Inlet Apt. 726 Kimberly ID. 59903,264-99-3409,62,cbuckley@byui.edu,+1-302-656-2532x4601,112000,1990-11-14,95,811,07,2014,-39.4735905,103.984586,407SIP,66
0N04XWb,Jennifer Jordan,98646 Dennis Park Swan Valley ID. 14373,790-63-4828,39,jjordan@byui.edu,635-035-9673x44302,89000,1970-07-18,103,872,10,1990,58.877419,21.042983,5DS 420,76
uVtjZ7n,Robert Tran,12580 Rachel Mission Minidoka ID. 29175,375-66-4944,63,rtran@byui.edu,429.076.5312x1313,97000,2011-06-27,124,733,06,1974,-52.709682,-67.258474,002R9,95
kt482Rx,Peter Miles,7291 Vargas Walks Leadore ID. 71157,229-11-9097,61,pmiles@byui.edu,603-447-5997,120000,1979-10-17,103,734,07,1977,27.537579,32.978498,9-G3831,65
44K6u4t,Dr. Tricia Warren,259 Andrew Burgs Jerome ID. 64010,158-66-3030,73,dtricia@byui.edu,(843)656-9028x74643,106000,1973-05-03,112,733,09,1971,48.8863615,-99.143434,WB8 2528,76
X8zy7v9,Karen Case,719 Townsend Manors Soda Springs ID. 30857,552-08-5672,42,kcase@byui.edu,+1-901-586-4595x959,93000,1973-11-18,119,882,06,1984,-69.7558975,7.485645,4OZI 84,64
8Xnul98,Haley Rhodes,43368 Bryant Estates Ketchum ID. 54408,582-48-9040,59,hrhodes@byui.edu,879.150.1217x678,96000,1994-03-05,127,931,01,2006,-71.5234565,1.453038,00I K02,57
ngZ4sNa,Martin Robinson,65039 Candace River Paul ID. 24730,630-96-5838,72,mrobinson@byui.edu,(389)967-1689x459,119000,1991-06-07,123,778,02,1990,14.75834,125.505913,RJ1 X7N,91
J05xB3J,Carlos Evans,13321 Mccormick Alley Suite 394 Hamer ID. 60415,293-82-8116,53,cevans@byui.edu,(859)944-0871x0126,94000,1972-12-16,121,850,03,1997,26.23415,-145.811358,97S•034,95
l1EAs2N,Nicole Bass,9200 Tucker Dam Ketchum ID. 29096,837-95-6022,44,nbass@byui.edu,001-230-151-8072x7084,108000,1991-06-27,102,947,05,1993,82.1582895,170.863439,73NJ0,62
wCwf30V,Scott Brewer,38863 Mark Skyway Shoshone ID. 22431,854-98-9486,44,sbrewer@byui.edu,+1-470-998-4797x66599,120000,1997-02-09,98,866,07,1990,50.269824,8.034869,54Q•307,56
1cP2m3E,Catherine Turner,028 Nicolas Fork Moore ID. 40033,541-07-8028,69,cturner@byui.edu,001-918-875-1639x8128,70000,1981-09-20,124,916,06,1981,-25.8903835,-40.993191,YNP-9158,78
s0aJI3a,Barbara Martin,884 Sabrina Road Apt. 921 Middleton ID. 13230,552-74-6438,64,bmartin@byui.edu,033.680.9093x50608,99000,1973-03-07,118,836,01,2013,-25.1537175,21.618982,9-57859Z,98
0026TDO,Angela Johnson,6205 Joshua Course Huetter ID. 19598,359-27-4038,58,ajohnson@byui.edu,851.535.5453x90086,117000,1971-12-21,117,826,11,1979,-42.9618765,-25.943258,88W H52,82
d8LUp31,Jennifer Wilkerson,739 Stephanie Overpass Lapwai ID. 78954,042-64-5316,52,jwilkerson@byui.edu,435-008-6015,116000,2012-07-11,109,879,12,1983,-68.8181425,178.3682,YU5 0831,57
964d5OE,Judy Miller,736 Andrew Freeway Apt. 226 New Plymouth ID. 78294,087-57-5182,62,jmiller@byui.edu,316.581.3012,73000,2020-07-28,99,725,11,1983,-17.299414,-12.600832,NE 5048,72
6604R7j,Holly Dyer,83044 Janice Rapid Caldwell ID. 96885,244-28-3416,46,hdyer@byui.edu,001-375-120-9216,81000,2006-09-16,124,854,10,1980,-85.2307975,-145.387155,0S 27168,65
W8LH3E7,Christopher Young,8966 Stanton Cape Suite 620 Newdale ID. 47074,150-13-4641,65,cyoung@byui.edu,755.055.2401,123000,1974-10-21,96,760,09,2010,31.9737605,-144.477127,YBA-850,63
M5H0osn,Sarah Ferrell,49519 Lutz Spring Suite 785 Ashton ID. 75290,242-44-6833,61,sferrell@byui.edu,940.829.4170x9281,100000,1983-01-19,108,795,09,2006,46.682454,-36.781236,671-FNQ,81
eXmMAdw,Mrs. Sharon Bauer,116 Francisco Plaza Apt. 158 Bliss ID. 03734,768-29-4233,45,msharon@byui.edu,+1-205-097-6191,78000,1993-12-14,109,941,05,2016,43.632405,-161.536778,678-MDC,57
rsv7ao5,Steven Castillo,4326 Janet Flats Apt. 631 Weippe ID. 36869,347-03-1209,65,scastillo@byui.edu,(783)374-0441x13685,70000,2016-07-06,128,922,04,2022,-54.0941185,60.923527,EAX 517,80
f128FKQ,Steven Holt,65986 Hooper Burg Suite 233 Grayburgh New Jersey. 30179,211-99-1030,49,sholt@byui.edu,+1-528-540-1175x870,123000,2021-08-16,99,755,11,1982,-49.311308,-61.291095,KOO-772,57
kwaT08v,Alexis Williams,904 Hahn Mountains Hayden ID. 37460,011-28-1668,40,awilliams@byui.edu,(049)127-8959x13201,124000,1995-10-27,126,945,09,1974,-81.4070615,65.628476,63A KL6,65
0U2651C,Sarah Guzman,40289 Gabriel Locks Apt. 892 Preston ID. 31779,475-46-9028,71,sguzman@byui.edu,617.800.9593x50353,118000,1970-07-04,123,730,05,1988,-8.374168,-17.960554,QHD-0185,79
9E0LSs3,Jason Anderson,859 Roman Ford Soda Springs ID. 97820,524-34-1880,43,janderson@byui.edu,(252)460-6679,110000,2016-07-26,129,746,12,2016,19.003584,-141.929013,7-9222K,95
o43Rwl8,Lisa Brown,11883 Patton Stream Apt. 425 Osburn ID. 38898,865-56-0819,59,lbrown@byui.edu,(096)043-3860,96000,2018-11-26,124,899,03,1991,-5.9679775,74.421609,SQX 208,86
jQ2v107,Isabella Henderson,182 Smith Streets Apt. 584 Gooding ID. 14428,557-84-5595,48,ihenderson@byui.edu,949.443.9389x85148,122000,2016-02-19,128,860,06,1984,-51.080431,120.199,386 9SJ,82
O2iFWg7,Eric Nelson,09269 Sonia Mount Suite 455 Kuna ID. 38777,613-63-7754,63,enelson@byui.edu,434.023.2368,90000,2003-08-15,104,931,03,2022,85.739041,-30.635117,LHE2512,82
W0W6zz7,Joseph Hernandez,9191 Robert Lodge Apt. 782 Aberdeen ID. 88003,781-75-8384,38,jhernandez@byui.edu,+1-767-043-3362x62268,84000,2007-12-04,116,795,11,2020,47.935281,-173.114538,934-PXM,67
ow40Uez,Erin Gonzalez,18476 Miller Isle Apt. 998 Worley ID. 30927,513-80-0288,64,egonzalez@byui.edu,1248931046,75000,2020-03-15,118,824,10,1983,-81.3463815,164.616388,8GJ 986,81
tQ1u87S,William Moore,1304 Katie Course St. Anthony ID. 59122,499-20-0644,62,wmoore@byui.edu,(469)809-4909x297,78000,1991-09-25,99,731,10,1981,-14.255217,-134.576557,ZVU 295,68
7y6o361,Ashley Bowman,2842 Scott Landing Apt. 798 Aberdeen ID. 22267,341-24-9229,47,abowman@byui.edu,(348)666-4329,121000,1991-11-30,129,949,07,1979,41.5874605,-44.778776,2IB D67,90
0hv72Py,John Hernandez,703 Martinez Falls Suite 277 Aberdeen ID. 70886,063-73-5352,47,jhernandez@byui.edu,001-228-258-5986,106000,2002-10-12,129,892,12,1977,-19.233554,4.340968,HQA-6576,60
7D55EkB,Jennifer Harris,349 Morgan Stream Pocatello ID. 84710,256-02-3569,65,jharris@byui.edu,933.521.1791,95000,1984-03-16,114,856,10,2017,-76.9884135,175.162063,760 5886,74
615bV67,Jon Morton,621 Amanda Lodge Apt. 180 Dayton ID. 23029,678-74-9222,71,jmorton@byui.edu,001-642-333-3384x0295,75000,2006-12-02,122,946,04,1981,-73.8445315,127.781013,409-UIC,85
68rUmp2,John Olson,951 Tyler Pine Apt. 529 Heyburn ID. 10194,235-26-1843,73,jolson@byui.edu,(718)619-3179x645,113000,2008-04-01,113,935,05,2019,-37.2814755,43.453617,85I X55,62
2R6TfS9,Desiree Stevens,0452 Garcia Ranch St. Anthony ID. 38813,426-83-8624,69,dstevens@byui.edu,+1-065-455-5320,97000,1996-04-17,120,789,04,2017,14.962368,149.628167,380 OI9,77
6pTh7Y7,David Johnson,138 Hernandez Grove Suite 768 Cambridge ID. 99523,364-39-3065,55,djohnson@byui.edu,909-297-2242,113000,1979-02-27,114,771,11,2018,-60.3607375,95.633453,F86 5IL,70
992vNJV,Rachel Hebert,83630 Donald Divide Ferdinand ID. 24213,897-58-8739,55,rhebert@byui.edu,077.635.5976,114000,1983-04-20,95,878,01,1996,14.961717,-92.189681,OY6 P2Q,88
IxwFBTn,Kevin Mendez,07504 Reeves Flats Suite 782 Soda Springs ID. 27054,112-89-0137,71,kmendez@byui.edu,(495)201-7613x42086,99000,1997-04-14,115,781,06,2003,-6.3176105,-104.36311,716O5,62
7bbR1v2,Amanda Anderson,58892 Summer Flat Apt. 747 Deary ID. 36456,335-34-2832,52,aanderson@byui.edu,2274483022,71000,2005-07-31,99,809,09,1974,-2.5904485,-109.262734,135 AXB,55
t0xED15,Brian White,5114 Jeremiah Common Sandpoint ID. 31585,181-35-4486,45,bwhite@byui.edu,670.060.2861,79000,2016-07-01,109,872,09,1983,36.0444395,-152.377966,8RX V32,67
F5q3S43,Cody Simpson,42697 Taylor Forges Crouch ID. 39912,354-85-4139,40,csimpson@byui.edu,015.863.9348,80000,2015-01-28,105,833,06,1987,15.2016065,-95.819386,KVX 025,98
4r74Lzh,Richard Howard,712 Valenzuela Mall Carey ID. 67879,360-86-7614,61,rhoward@byui.edu,292-635-8587x4249,117000,2003-08-21,129,831,10,2012,56.528794,-106.320836,109 INH,82
u8ps69S,Tyler Jackson,24087 Gibbs Glens Malta ID. 26970,048-83-6653,64,tjackson@byui.edu,421-458-7051,72000,1998-08-03,121,788,06,2010,49.483522,-174.982566,GKM 297,76
fVmt3w6,Daniel Castillo,354 Diane Tunnel Suite 486 Menan ID. 83973,568-94-5503,38,dcastillo@byui.edu,(320)390-1638x642,116000,2019-08-17,107,919,09,1983,-8.4893755,-63.126642,HOW-9922,65
quM8y1u,Alyssa Mercado,833 Young Field Suite 557 Menan ID. 33668,856-63-0815,70,amercado@byui.edu,7553437857,71000,1977-09-11,96,856,04,2018,-70.5027025,-128.670246,HNX 013,64
jY2LL2D,Anthony Martinez,274 Kidd Point Victor ID. 14520,137-19-0624,69,amartinez@byui.edu,938.427.5152x817,80000,2017-05-26,117,830,05,1987,-2.8866085,-61.282837,AYX 364,77
rLJ1yeu,Kenneth Hudson,2133 Stephanie Parkway Castleford ID. 19566,136-84-3622,38,khudson@byui.edu,001-060-332-5875,112000,1974-06-28,128,889,05,1978,-16.1167085,-162.327695,59I 146,58
RSjQH3z,Eric Morris Jr.,2619 Brown Square Melba ID. 22527,257-28-4204,40,emorris@byui.edu,+1-151-144-5641x5651,103000,2004-03-13,102,949,03,2002,20.312165,111.724499,720 FXK,81
zZ8288f,Samantha Hayes,1201 Brian Ranch Apt. 045 Dover ID. 68080,385-58-9252,48,shayes@byui.edu,611.221.5875x516,83000,1977-12-08,104,901,01,2014,82.748845,46.775013,76-JK42,64
3momRG0,Angela Roberts,555 Sullivan Shore Pinehurst ID. 38900,110-82-7177,67,aroberts@byui.edu,(355)125-4061,92000,2014-04-06,111,777,07,2004,13.737139,155.4923,RRK O38,56
s6hDQZ8,Andrew Patrick,54612 Natalie Causeway Hauser ID. 71096,877-57-2122,68,apatrick@byui.edu,809.834.0885,103000,1987-04-12,118,731,09,2012,-84.620892,58.604812,HXC-5643,60
18a71QO,Derek Choi,8219 Mahoney Bridge Suite 188 Weston ID. 40841,498-97-1581,56,dchoi@byui.edu,001-854-208-2986x616,75000,1990-05-08,120,920,08,1988,-24.344045,-143.718785,1W 58740,68
55OHaZu,Mario Carson,4804 Virginia Court Carey ID. 19380,360-06-4681,63,mcarson@byui.edu,498.166.7542,70000,2009-08-02,124,792,12,1990,72.6780015,-99.53271,4FM33,84
U6K32fl,Rebecca Young,08540 Lindsay Haven Apt. 945 Gooding ID. 38344,346-49-5886,42,ryoung@byui.edu,001-724-894-6851x0922,122000,1978-11-13,105,852,09,1974,0.875714,-127.399649,5PF57,85
FYqF0m9,Derrick Miranda,166 Maria Forges Apt. 459 Worley ID. 63079,443-99-4911,43,dmiranda@byui.edu,147.804.0148x35938,109000,1996-08-14,103,785,07,1986,23.9430775,-31.853822,3DS 751,99
186TU2i,Diana White,73198 Debra Oval Suite 734 Gooding ID. 10649,796-35-6908,60,dwhite@byui.edu,475-250-2930x93846,74000,2014-01-15,118,832,03,2008,60.250038,64.091284,5UA 342,85
Y4AnLIG,Johnny Arnold,76858 Frazier Circles Acequia ID. 50758,816-40-8884,49,jarnold@byui.edu,(160)802-8584x8518,78000,1981-11-25,104,937,12,1987,-56.63206,167.391976,639L,67
tN806ZB,Nancy Rogers,68609 Samuel Radial Melba ID. 62234,304-39-2703,38,nrogers@byui.edu,879.223.1822,117000,2003-08-20,106,804,04,2003,-26.950874,152.609689,882VCP,91
8zwGbv2,Jason Carr,09364 Joshua Track Apt. 044 Ririe ID. 15122,518-01-7296,64,jcarr@byui.edu,888-632-8172,95000,1978-03-12,100,921,07,1980,-63.4527675,78.849928,WCE2536,71
RKt30g7,Ashley Woods,2532 Joseph Skyway Carrieburgh Louisiana. 46849,078-21-0598,73,awoods@byui.edu,+1-870-741-4232x286,116000,1990-08-21,95,945,12,1979,79.6115925,160.220073,6I 6841H,62
6K064Ae,Tyler Mullins,6235 Savage Plaza Apt. 310 Inkom ID. 67441,540-95-6623,40,tmullins@byui.edu,777.465.7007x61307,121000,2001-07-03,101,808,10,1972,-57.698107,-40.806482,DWG 550,90
KQ6y5R8,Melissa Hubbard,459 Wall Light Suite 325 Ucon ID. 34547,684-23-2871,40,mhubbard@byui.edu,(264)720-3990,121000,1994-02-09,115,729,11,1996,33.6578355,68.659253,0T PU990,65
m1I90hK,Kristy Casey,71550 Francisco Lights Suite 436 Nezperce ID. 14479,669-22-2215,53,kcasey@byui.edu,095-109-8454x7467,75000,1998-10-31,112,787,12,2016,27.0285255,51.791856,RZ-5074,69
pX3mYmz,Benjamin Powell,942 Stephens Drive Menan ID. 72448,421-98-3380,63,bpowell@byui.edu,(329)609-3483,84000,1993-05-27,110,937,04,1976,65.1478475,-64.871143,649592,96
p6TL6DD,Ryan Camacho,7820 Dixon Branch Suite 740 Richfield ID. 55621,806-51-7968,47,rcamacho@byui.edu,001-626-995-9106x7790,97000,2020-03-29,127,821,07,1996,40.394167,60.502432,LQ 5119,75
px33t0h,Anthony Smith,428 Patrick Extensions Fruitland ID. 76597,706-34-7252,67,asmith@byui.edu,(691)074-4504,94000,2014-12-18,112,932,04,2022,74.3484765,-43.678598,25O 794,59
7vdN37C,Emily Combs,47314 Bailey Mountains Acequia ID. 23912,694-11-9776,48,ecombs@byui.edu,+1-634-268-5269x8726,100000,1989-02-24,125,893,10,1977,-34.673192,44.236583,761 1FZ,78
3Rb4Vre,Kristen Gregory,02128 David Light Webbborough Alabama. 85988,861-02-3015,55,kgregory@byui.edu,(478)522-6323x687,99000,2016-08-11,102,765,08,1976,-11.864445,-125.170743,INK 167,93
CZeI12z,Nicole Blair,4779 Wayne Stravenue Suite 504 Culdesac ID. 16444,547-44-5025,44,nblair@byui.edu,(880)407-7165x212,73000,2005-04-17,128,922,08,2005,-14.466722,141.903266,245683,62
GtJeD84,Joseph Lopez,01396 Payne Valleys Culdesac ID. 85724,134-54-9604,71,jlopez@byui.edu,137.124.9080,109000,2017-05-01,122,904,07,1973,56.4027235,-120.378188,VJG-4933,91
05C8Wpv,Eric Vang,18306 Laura Station Apt. 109 Kendrick ID. 38131,651-96-0793,49,evang@byui.edu,689-828-0295x029,89000,1974-05-15,112,759,03,1974,-53.5335865,-50.594337,9T 17629,57
2oq9nd6,Jasmine Barnes,12633 Regina Pike Suite 969 Bonners Ferry ID. 10119,262-83-3652,48,jbarnes@byui.edu,244-650-9863,84000,2019-05-21,100,750,09,1988,-10.1954995,127.036251,ELT 567,79
Lqtg1k6,Mary Parrish,0515 Richard Island Bovill ID. 39135,129-59-5447,68,mparrish@byui.edu,526.823.2670x890,95000,2020-03-05,118,920,08,2006,-88.4718625,137.755104,456K,84
xRvDHSF,Mr. Jonathan Cohen,967 Douglas Groves Menan ID. 81108,319-23-3721,44,mjonathan@byui.edu,001-237-338-9684x952,101000,1989-07-27,118,862,09,1992,-75.127949,-23.182415,QFS5660,86
n0vet2O,Richard Webb,007 Fernandez View Hamer ID. 90304,250-30-2977,44,rwebb@byui.edu,+1-766-113-8800x22928,121000,1976-04-07,97,942,07,2010,86.035651,176.216608,152 NCB,88
PVPlo9s,Melissa Nicholson,64401 Leslie Path Iona ID. 34270,836-39-6866,41,mnicholson@byui.edu,970.333.3380x73763,93000,1975-12-30,119,944,03,1974,63.7442745,112.825693,982603,95
40qiZ9J,Allison Evans,55941 Cole Throughway Suite 730 St. Anthony ID. 18746,846-36-7064,39,aevans@byui.edu,9591249431,95000,1990-01-27,95,804,08,1991,38.3772405,-59.748813,IRM-5589,92
Lv1jftI,Dr. Hailey Banks,7402 Mcdaniel Pike Suite 264 Ashton ID. 54945,214-52-4736,42,dhailey@byui.edu,001-697-495-7988x53560,75000,1987-06-18,109,936,10,1991,20.8054015,-20.135839,23-4488R,60
2jm4XAd,Andrea Ponce,9429 Park Square Apt. 729 Ponderay ID. 70560,285-29-2579,65,aponce@byui.edu,731-975-5843,100000,2001-09-24,96,872,10,1974,38.3527595,61.328685,402-BRB,89
oSTyT8f,Elizabeth Norton,77310 Jeffery Prairie Suite 826 Malad ID. 52916,228-97-9778,46,enorton@byui.edu,+1-394-338-1146,118000,2003-06-28,115,836,07,1972,77.816124,-35.798868,33Q•717,64
80j6F0W,James Jenkins,82759 Vanessa Views Ammon ID. 45244,609-49-3614,41,jjenkins@byui.edu,0926778358,78000,1979-12-08,127,799,11,1984,-48.8099695,-16.680788,SNG-329,62
ANOBMK0,Colin Garner,88401 Allison Plains Boise ID. 67862,268-76-5621,47,cgarner@byui.edu,085.439.9617x492,104000,1979-10-24,112,925,07,2011,47.101636,-151.162,8ZU M06,59
156j9A5,Michael Garner,7916 Nicholas Courts Suite 756 Lewisville ID. 15866,571-34-4867,73,mgarner@byui.edu,991.244.6902x714,71000,1985-06-03,124,873,09,2007,-9.0908615,155.47354,LMK 046,93
HcrB8m2,Scott Wagner,92789 Ryan Loop Idaho City ID. 52165,099-90-7770,44,swagner@byui.edu,597.775.9361x899,83000,1970-08-01,106,940,06,1994,41.880545,-9.751138,544 IPY,90
Z4AUedB,Lauren Sanchez,64303 Prince Views Apt. 027 Gooding ID. 45471,304-06-8952,73,lsanchez@byui.edu,372.526.8238x07285,97000,2016-01-12,108,884,03,1990,24.4943165,-123.949936,SZE-634,90
7hn4J8L,Donald Garcia,31896 Brandi Forks Apt. 261 Caldwell ID. 08243,084-60-8226,40,dgarcia@byui.edu,105-635-8790,124000,1991-07-01,129,785,03,1993,85.499293,-70.192368,3-51806K,97
WQu8g9u,Laura Butler,69713 Brenda Lodge Deary ID. 07794,123-47-0935,70,lbutler@byui.edu,(304)045-0507,120000,1998-05-10,106,811,05,1992,-24.5271955,-3.852297,AOK 3708,70
051j2qQ,Raymond Hendricks,029 Douglas Pike Glenns Ferry ID. 64967,310-60-5871,72,rhendricks@byui.edu,835-848-8112,99000,1998-11-01,113,778,02,1975,30.485333,-27.147191,MGT-6772,89
4RpfZU1,Jason Murphy,249 Owens Lake Apt. 343 Huetter ID. 42598,857-37-2844,38,jmurphy@byui.edu,659-137-1690,121000,2021-05-29,99,740,10,2006,46.8525495,-128.532333,13QP142,63
i2L75d5,Brittney Porter,57085 Robert Trafficway Apt. 286 Ammon ID. 34211,273-29-8412,49,bporter@byui.edu,001-382-550-2786x1678,91000,1974-05-08,110,851,10,1985,-0.045708,16.951907,87E I25,69
7AVQKy3,Melissa Cook,057 Howell Glens Suite 582 Idaho City ID. 77638,006-01-1657,64,mcook@byui.edu,+1-521-553-8085x929,122000,2005-09-19,95,800,12,1997,-3.3697335,-43.845923,ZSC 8182,70
kQWREFZ,Randy Davis,743 Grant Mountain Apt. 486 Lake Jason Minnesota. 60007,402-88-5981,53,rdavis@byui.edu,+1-156-936-1446x28637,84000,2016-04-22,114,850,05,1979,-84.203702,-108.395241,SCT 9847,68
Y2KeE3j,Sarah Herrera,46071 John Lodge Apt. 469 Spencer ID. 04763,821-68-9463,57,sherrera@byui.edu,330-080-0890x89513,78000,2004-01-19,120,778,07,1994,-8.3350945,-123.608536,9A 45606,98
T0R0V30,Russell Nguyen,114 Fletcher Mountains Potlatch ID. 65178,409-56-1513,42,rnguyen@byui.edu,(421)314-9071x5064,81000,1982-09-06,121,924,10,1991,81.9344925,-33.328077,088-AZU,70
qSBFvV3,Katherine Wilson,712 Johnson Harbors American Falls ID. 01140,887-06-9245,53,kwilson@byui.edu,738.797.4687x453,105000,1981-10-11,96,788,05,1970,-88.0034335,-62.216157,179-UMQI,82
P5T00zt,Rebecca Smith,6119 Jeffrey Harbor Oxford ID. 76677,212-26-2858,71,rsmith@byui.edu,273-846-3884x922,121000,2013-02-17,107,779,05,1998,-9.980357,-129.560876,093 PJH,88
33Hih8q,Richard Juarez,6594 Lisa Glen Suite 583 Peck ID. 80988,830-83-0948,41,rjuarez@byui.edu,(346)487-9632x15830,116000,2000-11-13,116,821,12,2011,74.961115,-130.747769,VC-2139,95
33wl0fI,Jeffrey Macdonald,502 Warren Lodge Shoshone ID. 94771,830-09-0712,65,jmacdonald@byui.edu,570-307-9722x03877,115000,2000-02-07,119,946,02,1984,-27.4484595,-108.188034,64-6594N,73
dtiQP31,Jennifer Martin,6224 John Freeway Hailey ID. 69884,732-66-4777,72,jmartin@byui.edu,9808998218,116000,2004-04-27,120,768,05,1987,-17.5956185,-18.953227,VW-5848,98
UVjVMQc,Jamie Cunningham,624 Taylor Forges Suite 752 Hansen ID. 13735,317-52-5572,72,jcunningham@byui.edu,001-089-811-8424x6833,123000,2009-07-26,103,930,10,1970,7.5898325,-173.576069,7II 377,92
ASFxlRc,Grant Sparks,77234 Powers Estates Ketchum ID. 85065,602-39-3538,66,gsparks@byui.edu,+1-058-496-6709,93000,1970-05-24,103,777,07,1974,-68.6896485,64.842864,11T 926,74
9jL53d0,Don Smith,295 Matthew Center Meridian ID. 03104,757-09-3264,41,dsmith@byui.edu,(549)608-2371x6255,91000,2019-01-07,99,922,06,1995,66.2079925,-164.963062,EAG-7176,71
zUqzVAZ,Anthony Floyd,1511 Chavez Track Kooskia ID. 46885,594-41-5252,39,afloyd@byui.edu,424.135.6946,87000,1974-01-15,128,856,12,2009,4.071383,172.949759,MTS-7771,73
p4K1gRx,Dale Perkins,55811 Jones Heights Apt. 640 Horseshoe Bend ID. 66660,622-84-4121,69,dperkins@byui.edu,437.902.4483x6914,74000,1995-01-07,97,792,02,1996,-82.7182125,-3.950022,8KW3042,99
w3ZxIfv,Amy Barry,431 William Lake Riggins ID. 89002,827-11-3800,65,abarry@byui.edu,(639)140-4043x6974,86000,2020-08-18,112,734,09,1978,-16.2832205,-124.635078,573 5BR,94
NUF59Ql,Mia Richards,853 Pacheco Mall Kimberly ID. 49532,631-57-9674,53,mrichards@byui.edu,+1-861-350-7854x21238,95000,2002-11-21,107,755,08,2009,82.133668,-93.599375,MNX3518,93
38u69yD,Nicholas Mcdaniel,29153 Jason Ridge Suite 721 Grance View ID. 41370,856-96-3795,67,nmcdaniel@byui.edu,709.138.3243x43548,108000,2014-10-05,96,888,10,2019,68.643045,28.051316,26N XO2,65
2nZ8e15,Mark Adams,53575 Melissa Squares Bancroft ID. 07245,051-94-9703,50,madams@byui.edu,416.506.9666x23476,89000,2021-08-09,114,922,05,2018,-16.936025,21.39114,491-RHF,91
MDctDM7,Mr. Jesse Frost,2849 Smith Manors Worley ID. 81446,497-43-2162,39,mjesse@byui.edu,886-782-7186x17579,119000,1978-10-29,125,758,08,2007,5.0441165,-65.980259,1WX40,99
63YPes7,Tim Robinson,5748 Goodwin Land Downey ID. 69322,426-01-2641,63,trobinson@byui.edu,+1-082-933-7722,100000,1992-05-13,111,876,11,1981,6.509636,-153.386223,1-V1106,77
s5n92U9,Jeffrey White,46499 Whitney Forge Dietrich ID. 95677,678-36-4795,69,jwhite@byui.edu,9024357603,100000,1972-01-19,129,917,12,2021,20.3717255,-160.467676,AQE-0270,59
OzYwBr4,Billy Ross,73540 Johns Circle South Todd Hawaii. 53316,776-01-2983,41,bross@byui.edu,+1-099-898-5465x792,87000,1997-05-21,120,805,08,1999,56.7808025,65.134199,2AU9917,72
Sln8aq5,Amber Turner,91499 Miller Track Apt. 149 Webbberg South Carolina. 32011,048-76-3462,46,aturner@byui.edu,479.755.5551x952,83000,1982-11-02,128,874,09,1999,-16.3017965,-36.550837,6824,97
E9PDoJ4,Zachary Hicks,55915 Sandy Trail Suite 161 Grace ID. 45650,844-62-9963,51,zhicks@byui.edu,001-846-498-1771x28557,73000,2005-11-14,99,865,01,1977,10.0702515,128.207164,3FA53,63
1Fw1GOq,Elizabeth Jackson,573 Baldwin Points Montpelier ID. 45760,361-11-8261,68,ejackson@byui.edu,115.379.3976x29650,123000,2018-08-03,102,730,08,2018,18.07907,43.424963,170-HLV,92
aXz2D19,Kelly Gomez,34229 Frank Streets Ponderay ID. 98008,424-67-0923,58,kgomez@byui.edu,357.621.2960,84000,1972-09-26,127,781,05,2018,66.5160535,81.365202,64K•342,69
jnW4ZUe,Mark Alexander,783 White Lodge Suite 118 Emmett ID. 58359,202-80-7408,41,malexander@byui.edu,(013)985-0538,95000,1995-11-07,95,790,09,1995,-31.216167,178.518072,849 HPV,95
bk8NArp,Stephen Walker,9115 Melissa Camp Apt. 554 Glenns Ferry ID. 81527,704-01-1432,61,swalker@byui.edu,705-520-3327,104000,2009-12-29,128,905,05,1978,-17.7502115,56.370597,768-CNY,73
HD07ffR,Bianca Sharp,8070 Day Corner Suite 380 Council ID. 84951,891-08-6257,59,bsharp@byui.edu,944.673.7901,76000,1992-12-27,124,738,05,1974,30.6536665,170.788759,953 TPD,95
j93Q4w2,Nicholas Perkins,75327 Michelle View Apt. 574 Arimo ID. 74306,364-78-4325,40,nperkins@byui.edu,+1-886-938-8382x986,77000,1986-03-25,119,738,07,2019,-58.808727,-59.041613,WT4 Z6Y,80
vsd8Gu8,Katie King,3020 Randolph Forks Bliss ID. 27821,296-69-3494,60,kking@byui.edu,+1-865-120-1582,91000,1974-08-05,105,932,04,2011,-28.6809825,20.19881,860 XZI,66
5zu2N5N,Zachary Floyd,1015 Perez Brook Rupert ID. 73484,276-05-1975,60,zfloyd@byui.edu,850-292-0873x2726,79000,1975-02-16,108,855,12,1972,35.745384,-8.294311,85V 035,86
7oxxIGt,Jasmine Michael,610 Glover Common Suite 668 Emmett ID. 39158,467-44-0277,55,jmichael@byui.edu,547.014.1941,90000,1999-02-24,108,866,03,1976,68.5399375,-176.506524,92N•052,98
fd6n008,Felicia Wilson,59700 Simmons Stream Carey ID. 55356,788-52-4450,45,fwilson@byui.edu,151.260.5673,93000,2005-01-08,95,809,07,1982,33.751629,-10.668288,282 HJA,95
LA35078,Hannah Torres,5707 Nicholas Parkway Bancroft ID. 24324,667-89-1875,60,htorres@byui.edu,276.724.6263x73759,103000,1982-09-04,104,926,12,1972,45.028041,-19.045782,752L7,99
HDxoSGY,Ross Rivera,468 Garner Heights Ririe ID. 90861,556-49-9371,52,rrivera@byui.edu,(511)571-4985x1751,115000,1991-11-10,121,732,08,1982,-14.0031385,150.074826,IDM 800,63
I0oZ9j5,Edwin Harris,40801 Daniel Centers Suite 809 Craigmont ID. 64259,165-53-3944,47,eharris@byui.edu,925.885.4132x35671,73000,1994-11-05,101,895,12,2021,-37.6902665,-64.638608,12-ZQ16,63
yho3eb5,Judith Martin,43327 Paula Lights Apt. 779 Parma ID. 08913,212-39-1253,52,jmartin@byui.edu,992.865.5548,123000,1974-08-27,107,743,10,1997,72.9642555,-56.999139,B20 2RQ,58
f4Oa25Z,Jamie Davis,7957 Julie Well Declo ID. 67112,167-88-2994,61,jdavis@byui.edu,+1-106-519-7129x5527,92000,2003-07-13,118,773,01,2002,-13.964055,-111.14646,97D 518,59
P6shp40,Antonio Luna,848 Davis Mill Bovill ID. 42413,191-68-4192,71,aluna@byui.edu,910-610-2917,86000,1984-01-01,100,782,11,1987,63.9248285,2.08497,CYM-6468,99
f2lx053,Matthew Holmes,0546 Roman Hill Reubens ID. 50126,678-15-4838,46,mholmes@byui.edu,001-361-026-0272,77000,1989-05-09,128,798,09,1977,-16.989221,123.949888,5UP81,83
dyYk1zA,Mr. Joseph Saunders,2458 Tucker Mills Cambridge ID. 54274,617-61-0133,51,mjoseph@byui.edu,916.913.8101,110000,1982-03-30,122,812,03,1999,74.9860055,-149.473993,X04 3KV,69
0c0EuDu,Jennifer Rodgers,91823 King Flats Wardner ID. 69575,544-87-0900,41,jrodgers@byui.edu,065.556.6328x01082,101000,2018-12-31,112,803,04,1974,9.324565,-79.536843,K10-81T,95
iec2JxS,Amanda Lawrence,59321 Gomez Expressway Greenleaf ID. 70801,039-81-9540,59,alawrence@byui.edu,347.479.2066x7268,107000,1976-02-21,96,921,09,1991,-81.980879,80.745151,37M•209,83
yfOb79j,Thomas Lindsey,16552 Rhodes Hollow Potlatch ID. 41064,496-52-1895,40,tlindsey@byui.edu,+1-098-462-8336x19534,112000,2005-01-15,125,743,01,2020,-36.864922,75.578495,BEE7706,75
EalTal0,Heather Garcia,15142 Stephens Mount Suite 747 Spirit Lake ID. 92268,831-14-0120,64,hgarcia@byui.edu,985-569-2914x52888,91000,1990-01-10,97,741,04,1972,6.2619935,68.989299,430 JYP,57
0vm6Ak5,Maria Ellis,85803 Robert Park Apt. 669 Idaho City ID. 80466,724-12-9481,51,mellis@byui.edu,(681)783-4936x81121,108000,1970-07-26,113,812,06,1986,69.9402595,151.29294,4-85479B,64
zn9br9L,Katelyn Flores,7300 Michael Causeway Donnelly ID. 62738,791-26-8328,42,kflores@byui.edu,(614)291-3991,98000,1992-02-10,95,798,11,1998,10.984901,-159.173136,D66 2NN,78
r6zWkfO,Lisa Hunter,9756 Sheila Branch Hagerman ID. 37166,522-74-7454,38,lhunter@byui.edu,+1-350-481-9286x09782,84000,2002-07-24,99,779,05,1978,-17.145834,-112.66869,NGZ-4366,66
oqSpFK6,Timothy Leon,37791 Coleman Crest Carpenterberg Washington. 99496,469-94-6176,50,tleon@byui.edu,717-603-8532x8050,92000,1976-01-07,106,907,03,1975,-14.306495,81.331869,407 LGY,90
OARWKo4,Darrell Sanchez,6763 Adrian Shores Kimberly ID. 49646,037-44-6118,60,dsanchez@byui.edu,+1-318-333-1383x6443,100000,1970-08-01,127,807,03,2012,26.915361,125.035675,4A 2X8FBJ,74
07652R0,Xavier Thompson,3219 Gordon Pass Marsing ID. 43778,723-31-1850,51,xthompson@byui.edu,351.367.5425,112000,1972-11-18,108,944,10,1982,-37.354459,-130.464824,25OZ3,92
tOkee44,Theresa Hart,984 Rodriguez Rue Declo ID. 07199,790-90-4065,40,thart@byui.edu,370-920-7040x8094,113000,2001-09-19,127,881,11,1992,19.762141,138.150885,OWD 288,86
hEYD6qe,Scott Little,416 Ann Fall Apt. 152 Wendell ID. 22397,572-38-8971,63,slittle@byui.edu,(016)091-4524,107000,2016-10-04,116,908,09,2004,-6.4448635,-18.595224,338 JDA,83
8k4vwA3,Andrew King,180 Tamara Branch Suite 081 Dalton Gardens ID. 36686,395-79-0589,71,aking@byui.edu,+1-114-490-7735x074,94000,1974-08-18,112,739,10,1989,-40.948024,-170.550888,6U 2075V,99
1Im28Vt,Justin Adams,151 Fitzgerald Roads Apt. 736 Aberdeen ID. 08074,696-01-5936,51,jadams@byui.edu,334-916-1108,108000,1997-07-30,98,803,11,1977,-87.1215445,-14.382427,7B RG448,85
0R9H0R2,Dennis Kennedy,9286 Decker Stream Apt. 188 Chubbuck ID. 64414,045-64-2654,65,dkennedy@byui.edu,053.759.8645x34690,120000,1983-10-05,106,768,05,2010,9.7652975,4.002662,GS5 1533,57
r15j51P,Lindsey Taylor,57474 Alexander Island Preston ID. 35508,383-46-3887,45,ltaylor@byui.edu,432.549.3370,95000,2006-06-30,124,765,05,1975,-24.6870545,-29.693153,9467,74
r5S04fn,Johnny Cochran,4938 Rhonda Isle Teton ID. 13325,128-70-6146,43,jcochran@byui.edu,(693)131-0410x22100,96000,1977-07-17,96,771,11,1985,57.3220465,-127.618389,UEZ-633,85
ZuF6TWw,Allison Hernandez,143 Bush Loop Apt. 965 Gooding ID. 39737,225-92-8388,62,ahernandez@byui.edu,221.408.3816,105000,2018-12-08,100,921,07,1983,34.2920275,-81.34448,7NT C02,76
niU0ddU,Dean Singh,7466 Charles Parkway Apt. 207 Clayton ID. 88637,761-09-6217,47,dsingh@byui.edu,820.912.0686,109000,2002-12-24,95,745,11,2020,-7.188314,-71.634239,501-JLT,89
bUcg7dp,Sarah Flores,163 Jesus Pass Suite 836 Wilder ID. 40849,163-63-6253,66,sflores@byui.edu,001-103-484-2891x10758,104000,1981-11-27,128,834,01,1974,5.774466,168.46498,274-HMW,86
33Mdc40,Edwin Lopez,1813 Taylor Neck Apt. 771 Sun Valley ID. 24694,030-87-2091,46,elopez@byui.edu,012-167-7993x0255,98000,1990-08-20,117,803,02,1972,-37.856831,-53.107838,2YL E79,82
A2L1Q1h,Samuel Haley,227 Thompson Viaduct Suite 325 Lewiston ID. 58524,024-54-4576,66,shaley@byui.edu,5936890636,115000,2008-05-17,116,855,04,1991,60.4672365,134.464777,7R N9623,64
15jJF06,Jonathan Decker,30656 Cassandra Radial Leadore ID. 89404,140-36-9501,42,jdecker@byui.edu,001-257-676-6704x664,87000,2007-12-06,128,811,11,1973,-33.5717765,96.801971,314 HCU,66
jjuLZo4,Tammy Peterson DDS,101 Anne Centers Suite 508 Kristinetown Nevada. 55624,010-69-7832,42,tpeterson@byui.edu,(666)261-0564,75000,2017-12-20,112,911,06,2014,64.149032,69.56973,3B 2532A,66
L4E3Xco,Brian Rodriguez,3414 David Hollow St. Anthony ID. 13978,403-42-2265,48,brodriguez@byui.edu,001-271-109-4511x9053,95000,1990-10-10,104,804,08,1995,-16.5139465,56.42514,5IM99,73
Kh9d6DR,Michael Williams,054 Harrell Locks Peck ID. 42709,885-70-5974,66,mwilliams@byui.edu,(888)075-4391x470,106000,1989-05-25,95,870,11,2005,19.409126,145.072808,497K2,73
1xul5hR,Tracy Young,337 Rios Lake Apt. 875 Pinehurst ID. 11546,195-69-3035,55,tyoung@byui.edu,+1-754-143-0194x980,94000,1973-03-09,121,736,02,1993,-10.853279,162.312017,343YJ,71
rGJ4fBp,Paul Byrd,3404 Carter Green Potlatch ID. 13358,064-38-7220,42,pbyrd@byui.edu,001-510-930-7935,78000,2019-11-13,96,748,03,1984,77.907468,44.476985,ODE-9355,87
ALIG479,Joshua Christian,3452 Clements Fields Spencer ID. 50816,732-16-0464,47,jchristian@byui.edu,+1-332-966-1286x84629,98000,1980-09-19,108,922,11,2005,-34.0656885,-174.991329,3-94835,59
63amVv0,Lisa Brown,7856 Jacobs Dam Apt. 590 Basalt ID. 41792,669-05-2113,71,lbrown@byui.edu,1022781003,117000,1985-01-03,121,881,09,1975,-39.462657,76.351439,MFT 408,91
vhvKX2p,Ryan Hines,3968 Stephen Glen Lapwai ID. 66523,572-67-6278,71,rhines@byui.edu,(526)407-9614,92000,1993-10-02,116,749,12,1996,2.4132305,38.899469,927 KHO,96
6mgRdwC,Mary Ford,9759 Wyatt Junction Lewisville ID. 62020,874-02-0783,38,mford@byui.edu,459.581.3794x93768,105000,1981-04-23,120,755,10,1987,2.9980205,83.589116,0-48299,74
63Pq6WO,Bradley Robinson,2847 Alexander Rapid Suite 113 Craigmont ID. 86962,667-90-1417,53,brobinson@byui.edu,001-586-648-2100,120000,1997-11-21,113,751,02,1988,-28.970998,-40.969723,R93 3WF,57
9ARCIM2,George Calderon,1945 Miller Island Shelley ID. 05542,518-21-7795,48,gcalderon@byui.edu,591.014.4897,88000,2006-07-26,117,874,01,1976,81.0648575,-102.176045,FSL-992,93
E1JgQS5,Tom Henderson,069 Phillip Glens Moore ID. 36413,799-34-1368,46,thenderson@byui.edu,409-111-9430x62984,97000,1987-10-26,105,764,04,2014,29.252712,-10.273369,7855 JK,61
Md0SgP8,Cody Scott,74613 Cook Neck Apt. 194 Irwin ID. 30640,620-35-1845,55,cscott@byui.edu,2344096367,74000,2014-05-22,105,949,03,2005,77.9348485,-147.217965,7UA Y87,81
mCZkRTT,Randall Morgan,11418 Kelley Dale Eagle ID. 11750,183-45-4409,58,rmorgan@byui.edu,297.375.7051x9338,120000,2010-07-18,105,927,12,2005,-43.795869,85.762175,ZS 8460,70
exIVo7c,Christine Walters,749 Rita Fall Weippe ID. 36396,078-71-1537,54,cwalters@byui.edu,225.493.4160,106000,1987-11-25,111,817,07,1988,-78.311674,-166.896795,0-44821,61
DI6qC8u,Rachel Glover,3879 Mark Keys Council ID. 66521,229-64-6089,55,rglover@byui.edu,809.451.0774,79000,2007-08-11,111,802,02,1998,-25.3499425,74.510119,034-PDB,93
BAHB4u2,Tiffany Green DDS,60641 William Stravenue Malta ID. 01937,121-25-8107,68,tgreen@byui.edu,949.332.3207,116000,1977-07-07,122,732,12,1983,-18.4860495,84.084179,287-353,58
N447Y72,Monica Stewart,3231 Adam Course Roberts ID. 86097,569-32-6852,45,mstewart@byui.edu,5393221571,82000,2008-04-24,97,949,11,1992,63.0915155,-62.123454,75A D98,84
5v186nF,Thomas Grant,75726 Laura Streets Suite 748 Wendell ID. 23233,024-37-2797,54,tgrant@byui.edu,669-889-6684,111000,2015-07-26,114,845,07,1998,-18.5740375,-64.534318,50A 5041,97
DZbNkF7,Wesley Wang,384 Garner Highway Moscow ID. 99246,801-19-2849,63,wwang@byui.edu,(796)410-7850,107000,2010-01-23,117,896,12,1982,-21.0840655,-46.417003,DTE 798,61
zV0MNFz,Michael Lopez,050 Brown Light Apt. 401 Cambridge ID. 12980,392-62-5649,64,mlopez@byui.edu,857.449.4674,116000,2006-02-05,116,755,07,1996,-44.7307155,-25.788041,68H Q01,63
UZC8a6c,Scott Roberts,0454 Patrick Harbors Suite 581 Emmett ID. 28200,060-07-5739,55,sroberts@byui.edu,001-836-591-7888,120000,1985-12-17,96,781,06,2006,1.9018805,152.733749,JWT 921,90
U8s7L4U,Jorge Bradley,4538 Deanna Lane Suite 776 Weippe ID. 01565,847-05-8828,73,jbradley@byui.edu,001-982-085-7896x937,70000,2002-07-15,127,844,01,1987,43.9776145,92.721807,XUK 625,87
L96b70Z,Kenneth Robbins,5986 Bernard Park Apt. 810 Huetter ID. 50380,336-53-7670,52,krobbins@byui.edu,(509)816-0563x56916,121000,2020-08-16,111,789,06,1971,41.999563,136.295065,MJR 092,62
4bj9gT0,Joseph Becker,93911 Spencer Light Pinehurst ID. 74777,455-11-0137,60,jbecker@byui.edu,+1-147-669-4539,70000,1974-04-08,110,912,05,1974,68.0880735,-142.971201,548X,90
Wi44qs6,Timothy Grant,3447 Jones Place Suite 359 Idaho Falls ID. 53011,785-38-1822,67,tgrant@byui.edu,001-917-971-4568,82000,2009-04-11,107,788,11,2021,42.558114,-83.314856,J 485207,60
Df99W89,Ronald Monroe,3890 Kevin Cliff Suite 339 Reubens ID. 59481,164-02-5105,44,rmonroe@byui.edu,019-731-9888x6735,109000,1989-09-17,118,823,03,2000,62.551277,-57.328503,7NH 492,83
CQ9gTh2,Shaun Williams,3184 Taylor Mission Apt. 365 Newdale ID. 85347,070-46-5784,45,swilliams@byui.edu,949-573-4155,89000,2009-07-27,95,913,03,1979,56.238129,26.673917,689-WLA,85
i9mkdnE,Steven Escobar,543 Ann Loop Suite 309 Montpelier ID. 69187,459-68-9381,62,sescobar@byui.edu,(485)248-4508x8544,122000,2000-10-12,111,852,04,1980,-48.8496055,-81.794287,85Z AS8,72
j50864v,Jason George,677 Andrew Ridges Lake Gregstad Virginia. 54075,053-45-1582,60,jgeorge@byui.edu,(269)103-4615x7032,124000,1978-11-05,107,817,07,1992,55.8410165,-172.075463,033 ARM,58
9ZE3H1Y,Rhonda Garcia,467 Sonya Lake Melba ID. 80572,885-46-1654,46,rgarcia@byui.edu,001-739-629-5736x8177,76000,1976-12-10,119,862,02,1981,21.5197755,-125.581364,9ON85,69
39PypVm,Cynthia Moore,620 Conner Meadows Marsing ID. 90628,561-28-5342,67,cmoore@byui.edu,001-003-294-4505x3772,114000,1987-12-15,97,744,06,2020,-87.8722865,153.199723,LSQ 9965,69
gp249a0,Ryan Hayes,7016 Watkins Cove Apt. 350 Mackay ID. 96345,868-66-7982,46,rhayes@byui.edu,7446380874,97000,2007-07-24,122,776,04,1993,-41.181818,113.097108,2-98973M,76
9n41S7b,Robert Smith,6504 Munoz Mill Nampa ID. 15913,695-55-0814,47,rsmith@byui.edu,(668)648-7576x605,119000,1992-03-10,123,865,10,1988,-36.910021,152.140697,553M,98
O7vTx76,Troy Woods,3298 Renee Dam Wallace ID. 28696,457-15-9257,58,twoods@byui.edu,001-079-894-0482x6063,116000,1982-09-20,100,919,03,2013,31.967968,115.579805,X62-04H,83
kOJ2cqu,Beth Escobar,6174 Hancock Fords Suite 995 South Pamelamouth Rhode Island. 07480,121-97-8867,72,bescobar@byui.edu,9676516103,124000,1989-12-12,111,751,08,2018,0.5510255,140.243231,128-NWC,58
CSfj9uN,Robert Lee,114 Barker Radial West Connieburgh Alaska. 44386,137-68-3864,52,rlee@byui.edu,001-216-831-2272,96000,2021-06-12,121,798,01,2019,-17.760676,-73.978746,007-080,91
ji7DH26,Christopher Smith,1241 Steven Lodge Suite 756 Boise ID. 36318,563-29-4929,68,csmith@byui.edu,001-896-173-7165x7470,97000,2020-07-15,127,946,07,2013,27.882626,109.379707,8304 CA,93
MgoXR5K,Amy Brown,374 Kathy Village Apt. 109 Sun Valley ID. 20733,074-02-1595,68,abrown@byui.edu,+1-823-241-9614x73309,105000,1977-04-01,120,859,01,2004,-79.24876,104.745677,5-1938Z,58
759hE65,Juan Collins,42082 Virginia Fall Apt. 433 Clayton ID. 75066,780-93-2633,48,jcollins@byui.edu,132-740-2407,112000,2010-01-02,99,814,12,1980,9.379449,-145.950793,SQL-274,70
DSL59w4,Phillip Knight,40422 Jose Drive Suite 451 Hope ID. 67948,637-81-2116,40,pknight@byui.edu,697.180.3708,86000,1987-09-02,101,880,09,1997,-62.7560865,29.632621,66O GI1,92
5z3Uzbe,Jennifer Neal,990 Miller Parkways Suite 688 Ketchum ID. 61769,283-02-1091,55,jneal@byui.edu,001-469-309-2253x6397,92000,2004-09-18,121,906,12,1990,-64.470892,-5.548565,KYI 917,63
kk8v1hw,Carmen Williams DDS,967 Evans Centers Suite 581 Rockland ID. 68171,891-12-4742,40,cwilliams@byui.edu,001-034-734-9905x75525,84000,2014-11-24,96,916,05,2011,5.4296985,-127.849033,LAQ3424,91
EjzeGrn,Daniel Warren,8632 Rodriguez Motorway Apt. 176 Burley ID. 99739,409-50-3577,68,dwarren@byui.edu,4428248264,97000,1974-08-19,120,945,12,1995,-57.3636545,14.739908,1827 TO,66
1DeEn5M,Elizabeth Kelley,951 Mathis Plain Hailey ID. 77042,733-69-6421,48,ekelley@byui.edu,001-587-274-7555,85000,1987-12-03,109,881,07,2005,-49.3074645,-109.998537,O 893463,91
XCL5412,Christina Meza,2905 Tracy Point Apt. 356 Mullan ID. 70411,460-23-0367,51,cmeza@byui.edu,(170)549-4942x86729,116000,1976-06-12,101,937,05,1970,-59.438134,52.456609,595-VPW,59
55G3Q5i,Amber Little,49145 Barnes Via Suite 073 Mud Lake ID. 28871,898-41-3921,64,alittle@byui.edu,457.729.7017x014,83000,1998-08-25,121,744,07,1978,-9.6971145,94.535482,1Z 4T7WNV,71
P02htnV,Shelly Navarro,7848 Kayla Stravenue Hamer ID. 78880,139-92-6596,73,snavarro@byui.edu,152.753.2786,83000,1990-07-11,104,807,09,1975,43.856126,124.096162,063 OOJ,68
1kUn37y,Sarah Davis,34200 Raymond Lock Notus ID. 76917,855-31-6182,70,sdavis@byui.edu,739-027-0146,100000,1978-10-22,129,865,11,1996,77.4370225,-67.988825,NTZ 241,62
R7jgZ2y,Juan Prince,107 Burnett Locks Kuna ID. 09068,047-52-1799,51,jprince@byui.edu,720.952.9488x8746,119000,1993-01-07,97,891,07,1987,42.3606655,23.125297,145 3432,82
3bc1E76,Sara Vazquez,0890 Randy Mews Suite 955 Rigby ID. 12957,776-49-4425,71,svazquez@byui.edu,001-092-109-8127,119000,2015-10-06,128,849,05,1991,61.973367,138.675771,AX 59199,73
CI3KB9H,Holly Barnes,8082 Hunter Streets Apt. 058 Oxford ID. 81317,045-42-6469,72,hbarnes@byui.edu,902-997-4324,109000,2020-10-06,111,762,12,2005,8.076476,113.79079,717-CID,65
16Nt71R,Thomas Smith,7103 Oliver Springs Albion ID. 29040,839-06-8567,47,tsmith@byui.edu,483-816-0487x785,107000,1996-10-23,125,816,11,1998,-8.711685,-104.508202,708 9TZ,99
o88aEWZ,George Williams,938 Maria Street Apt. 536 Kuna ID. 38754,469-42-8145,52,gwilliams@byui.edu,684.069.7838x2052,98000,1985-12-29,98,848,04,1991,78.522467,16.702834,171 3HL,74
HlK8bA0,Larry Sanford,9470 Jessica Cape Fernan Lake ID. 62937,701-98-5842,54,lsanford@byui.edu,217.411.7032x4207,87000,1978-04-06,98,922,12,1990,31.5916335,13.245245,32C 083,66
3kOPuQs,Jennifer Robinson,1034 Brooke Meadow Apt. 348 Driggs ID. 67229,444-41-0243,45,jrobinson@byui.edu,(262)185-0712x865,76000,2011-04-13,104,729,09,2007,3.230257,6.174589,088-RYHY,78
5eE6rK5,Sarah Davis,1810 Daniel Islands Apt. 444 Butte City ID. 14687,503-14-5318,70,sdavis@byui.edu,(547)696-1859x464,107000,1970-09-03,129,799,04,1971,67.251981,-70.475623,PZ6 6108,83
QoRLUTo,Christopher Smith,2655 Leonard Square Bancroft ID. 52777,360-31-0971,67,csmith@byui.edu,001-516-156-6992,87000,1976-07-14,125,902,12,1984,-74.967299,67.814273,YVN-915,68
ono251k,Paul Hubbard,604 Mills Highway Apt. 730 Kamiah ID. 36993,307-64-0969,47,phubbard@byui.edu,9958748070,122000,1994-11-12,124,739,01,1975,-84.1669955,13.250872,548N,72
866hFGl,Brittany Thompson,9776 Cynthia Mall Apt. 296 Wallace ID. 55365,435-01-9260,58,bthompson@byui.edu,097.110.1154,115000,2002-05-27,105,921,06,2015,63.117943,-96.227161,HJH 253,82
KEo8Hvu,Adam Reyes,47329 Morris Skyway Dubois ID. 89454,302-80-7158,52,areyes@byui.edu,917.602.7360x216,121000,1976-09-26,118,908,03,2012,23.146522,-130.852407,XH 0892,92
GWwky6D,Kelly Monroe,014 Eric Burg St. Maries ID. 87645,735-51-8856,54,kmonroe@byui.edu,0472255574,74000,1971-06-07,125,926,06,2016,27.684171,-128.27841,706-GJPS,85
SSXD639,Haley Scott,49847 Ruben Grove Filer ID. 44015,695-37-9566,45,hscott@byui.edu,001-746-321-3697x251,86000,1974-04-05,105,769,02,2020,67.17469,-108.921684,LNX 285,80
21AM3U1,Michelle Martin,134 Kristin Fort Suite 291 McCammon ID. 90879,328-52-8020,44,mmartin@byui.edu,+1-932-610-7002x2185,81000,2010-07-28,110,740,08,1995,-1.714049,-7.152892,8YX 727,89
tY3ullU,Thomas Scott,0058 Mckinney Ferry Suite 124 Rathdrum ID. 71632,837-22-9372,44,tscott@byui.edu,+1-920-146-4961x19309,77000,1986-11-22,99,928,10,1990,-61.774105,46.094035,KZZ-2643,57
tAEs58E,Mark Hampton,0787 Parsons Common Suite 747 Arimo ID. 94395,490-40-0690,62,mhampton@byui.edu,774.689.8504x55089,115000,1970-09-24,121,808,05,1974,-71.6248945,-64.61836,0FA4711,66
jJD31ZM,Lisa Ortiz,442 Debbie Creek Suite 230 Rockland ID. 66457,245-50-3344,52,lortiz@byui.edu,654.829.1108x8208,108000,1998-12-30,109,918,09,1970,-31.381722,82.196548,61-23710,73
zN4Zl7u,Cheryl Williams,1794 Garza Spurs Suite 151 McCammon ID. 96286,130-59-9343,54,cwilliams@byui.edu,453.450.7927x22967,97000,2020-04-13,129,880,05,1998,84.86384,-121.682918,315-WJC,65
C6Pftl2,Ruben Davis,0459 White Land Apt. 836 Basalt ID. 53819,326-81-5215,40,rdavis@byui.edu,+1-486-091-5692x477,121000,1985-09-27,96,909,03,1988,51.3396535,45.449121,6YY17,67
IQuAzhk,Lauren Carter,958 Grant Flats Suite 390 Peck ID. 15469,894-96-2101,54,lcarter@byui.edu,291-754-7937,101000,2001-04-07,110,745,03,1974,-10.6997835,177.701536,KDH 164,55
37R7iN0,Vanessa Krause,98814 Joshua Hill Suite 497 Tensed ID. 82503,489-81-8715,73,vkrause@byui.edu,+1-256-571-3187x5915,102000,2011-01-07,120,911,01,1972,13.0407365,-124.342627,864SR,59
lDRK0PL,Jason Gordon,8342 Erica Fords Horseshoe Bend ID. 74155,494-76-3576,71,jgordon@byui.edu,+1-354-897-5001x8747,74000,2000-02-09,113,818,07,2012,13.344351,150.145047,LHI 309,69
DuWPgpd,Douglas Ross,3972 Preston Trail Kooskia ID. 14728,591-78-0508,64,dross@byui.edu,001-056-648-2648,99000,1998-02-10,95,891,03,1991,46.7539635,-17.103519,2-2036R,74
e5xr39p,Joseph Smith,8355 Scott Estate Placerville ID. 39403,425-49-1935,63,jsmith@byui.edu,116-435-3059,94000,1984-03-19,114,939,09,2019,-88.945225,-56.763644,463 CFS,77
LvXnTuF,Kristina Cisneros,8443 Davis Prairie Suite 842 Smelterville ID. 76882,488-45-1737,71,kcisneros@byui.edu,+1-049-383-9422,88000,2014-11-24,123,905,12,1985,21.3913115,-73.887246,KUE 936,99
5Im2928,Jacob Ramos,520 Todd Terrace Harrison ID. 47056,309-65-6408,39,jramos@byui.edu,3603391676,103000,2011-04-19,114,776,03,1981,1.7174105,-107.830223,EGY 071,56
aCxfvi9,Kimberly Smith,1713 Jacob Cove Suite 545 Lava Hot Springs ID. 72554,662-67-9745,52,ksmith@byui.edu,(341)457-9616,90000,2003-03-26,127,731,02,1990,-63.206582,-131.835973,KMH 315,56
P0MoREW,Gary Cole,61800 French Road Weiser ID. 82499,195-59-6454,40,gcole@byui.edu,342-085-0711x2355,78000,1980-01-09,124,863,08,2001,-10.0608035,171.61483,MFF 586,70
5e5eH24,Edward Giles,269 Stephen Shoal East Michael Illinois. 35242,324-17-5717,46,egiles@byui.edu,+1-539-447-5374x003,117000,1977-10-10,117,774,09,1989,78.834522,-51.268152,66-F099,79
S0p383x,Karen Garcia,137 Mcmillan Viaduct Suite 537 Newdale ID. 54335,732-89-3238,38,kgarcia@byui.edu,001-751-728-2386,73000,2000-09-05,117,750,12,1973,25.365557,-147.976181,J48 5ZG,92
060aq3K,Victoria Bird,698 Kristin Loop Island Park ID. 80049,114-60-9173,40,vbird@byui.edu,(985)279-2360,82000,2006-05-10,118,830,03,1986,-50.0269335,171.302876,TFX 395,86
54p0PKY,Thomas Joseph,36264 Parker Parkway Suite 492 Tetonia ID. 76608,514-18-3259,54,tjoseph@byui.edu,+1-561-923-9066x246,86000,1984-09-04,95,810,11,2015,43.8062005,175.950464,SEZ 971,88
Q7924C5,Michelle Greene,9941 Alyssa Junction Suite 567 Notus ID. 70995,757-33-0984,73,mgreene@byui.edu,1933559403,117000,2000-12-25,107,919,03,2001,63.8798515,-60.467431,878 ROM,69
Covr3Sk,Melissa Patel,6131 Jackson Summit Apt. 005 St. Maries ID. 48077,033-54-2093,71,mpatel@byui.edu,(875)194-1695,91000,1976-12-07,111,894,08,1997,-84.995858,13.84821,147 EPG,87
hnTfM9I,Brandi Klein,39092 Dennis Stravenue Ucon ID. 70313,028-11-4628,65,bklein@byui.edu,203.029.3488x84463,84000,2020-04-27,112,930,07,1985,-52.052129,156.113415,6-95285Q,61
y28R816,Shannon Miller,40918 Douglas Rue Dover ID. 23814,874-37-0825,72,smiller@byui.edu,001-121-781-9193x9399,73000,1994-05-24,126,949,09,1974,86.1608745,132.690123,IKC-7613,85
9MWo3T9,Edward Valenzuela,8289 Alvarado Rue Apt. 061 Orofino ID. 85043,531-07-6958,42,evalenzuela@byui.edu,297-957-4824,104000,1979-12-05,103,924,11,2010,-49.2251505,-167.47122,37S 828,56
Sx2ho4Y,Robin Figueroa,5264 Jessica Center Suite 124 Moore ID. 27454,804-77-4976,60,rfigueroa@byui.edu,+1-891-804-0012x7630,94000,1993-06-22,124,833,04,1974,-39.6886925,141.368417,57Z W13,66
rTALWDP,Stephanie Estrada,527 Morales Hills Blackfoot ID. 41142,150-82-0859,44,sestrada@byui.edu,(043)222-6381,114000,1971-11-25,114,932,11,1990,-78.580672,9.437659,826 OU6,80
4cJKDRH,Joshua Tyler,218 Knight Park Suite 079 New Meadows ID. 16431,355-41-0041,61,jtyler@byui.edu,+1-218-421-4734x8430,113000,2001-01-30,105,878,02,1998,-11.646623,-92.9971,60MC667,93
JFmv086,Jason Smith,238 James Isle McCammon ID. 87454,051-86-1318,39,jsmith@byui.edu,936-551-6164x81639,124000,2003-11-24,97,731,05,2007,-23.88419,-133.098327,97U ZH2,84
4yIxGQl,Charles Dunlap,2430 Sarah Fall Apt. 987 Blackfoot ID. 25396,869-63-1017,71,cdunlap@byui.edu,+1-877-535-6506x825,80000,2007-12-08,112,855,06,1993,-80.717258,69.066178,4JV02,55
jW94Ppi,Shelby Brown,948 Jennifer Brooks Apt. 716 Thomasstad Michigan. 73783,866-19-5523,58,sbrown@byui.edu,440.606.4599x8543,105000,1990-09-15,129,726,01,2016,-33.369293,-167.314568,EJJ 749,82
nZLf83E,Mark Bradford,00382 Hull Camp Oxford ID. 56888,369-46-3793,56,mbradford@byui.edu,+1-042-221-3046x84461,72000,1976-12-04,99,949,09,1981,-45.2623815,-63.174908,SJC-3951,85
YUxqj56,Sheri Daniel,412 Lisa Dam Victor ID. 02790,111-79-0862,44,sdaniel@byui.edu,+1-843-041-9123x62829,105000,2015-12-18,123,892,09,2021,-31.1734625,18.467516,Q41 6PT,78
4gLrAQU,Maria Castro,70623 Maldonado Stream Suite 923 Donnelly ID. 73619,802-95-9148,71,mcastro@byui.edu,001-228-155-8636x7477,106000,1991-12-31,109,904,02,2009,1.18708,47.033789,154 PVO,90
JI6dzTs,Emily Robinson,73415 Amy Gateway Craigmont ID. 14211,163-10-4604,43,erobinson@byui.edu,+1-861-465-1787x332,114000,1986-04-10,116,817,09,1979,-36.0534755,-103.156775,F32 1NC,99
pMYDD1c,Tara Barry,2408 Olson Circle Jenniferchester Pennsylvania. 86479,405-72-3895,41,tbarry@byui.edu,001-827-640-5281x24782,91000,1975-06-24,102,807,08,1998,81.3813685,-167.5036,1FG3458,71
jkZkqwU,Lance Wells,0471 Wright Drive Mullan ID. 64816,114-13-0229,52,lwells@byui.edu,996-828-0392,97000,2002-08-05,123,888,03,2010,-46.236793,52.699387,412QWI,97
BC2Zf30,Melissa Obrien,040 Gould Landing Weston ID. 49016,547-87-8611,39,mobrien@byui.edu,001-940-355-3472,80000,1979-09-07,114,754,02,1979,-0.024059,-14.162839,971 ZDS,84
R9NLbAA,Kevin Morris,6959 Schneider Views Lapwai ID. 82829,654-40-8534,67,kmorris@byui.edu,(852)211-8653x881,92000,2003-10-16,113,816,03,1988,68.6642805,-57.539928,2I 78271,93
xkK5Pyz,Alexander Walker,6264 Lopez Fall Apt. 245 Teton ID. 18523,157-31-9818,61,awalker@byui.edu,990.300.3565x2264,81000,1994-02-24,117,732,11,2008,56.272095,12.029359,700 HR9,86
761oQnA,Jonathan Miller,851 Hannah Bypass Homedale ID. 08281,259-20-6091,71,jmiller@byui.edu,+1-621-828-5710x02239,76000,2011-02-16,114,726,09,2014,-76.4577465,80.027596,ZOS 428,93
Frk3nHQ,Marcus Chen,0606 Miller Plain Apt. 529 Pocatello ID. 68328,792-50-8362,50,mchen@byui.edu,186-047-0569x4585,89000,1980-06-22,121,752,02,1989,-62.6566445,40.096173,200 DSK,60
vIWEyh2,Jonathan Boyd,87966 Mario Extension Garden City ID. 24681,417-16-6302,49,jboyd@byui.edu,433.087.6461x591,124000,1988-03-21,102,847,06,1988,50.0071445,120.498025,050 7UN,67
T26mXVp,Sean Williams,943 Michele Plains Suite 709 Dover ID. 59623,083-58-5986,65,swilliams@byui.edu,(601)622-2842,118000,1980-01-11,99,941,10,1975,-28.988407,87.227635,K82-43O,72
nEkL09G,Stephanie Johnson,949 Johnson Mission Bellebue ID. 69148,047-53-6531,53,sjohnson@byui.edu,001-225-441-4516,88000,2008-02-20,120,941,10,1989,61.7522975,-157.247518,4KN6686,69
0NIT5e5,Katie Hill,2894 Anthony Rue Annahaven South Dakota. 34323,538-81-8949,66,khill@byui.edu,+1-869-298-4060,71000,2018-06-23,104,935,05,1979,70.4029385,-65.363179,1ZI 378,77
rLKDb3K,Danielle Lewis,7145 Preston Expressway Stanley ID. 34962,467-88-4032,64,dlewis@byui.edu,001-383-699-6003x137,121000,1995-07-21,120,928,09,1984,76.919381,-121.352805,0-64099Q,61
qmRVT3A,Bryan Fields,258 Adam Fork Apt. 798 Acequia ID. 44185,437-85-0124,66,bfields@byui.edu,(290)666-7208,98000,2001-12-26,122,947,11,2006,-12.5222355,-68.806797,10-V997,74
9sXjT6N,Brian Harris,69795 Kristen Summit Crouch ID. 48695,606-52-1399,61,bharris@byui.edu,429.524.0012,97000,2021-06-08,100,755,11,1977,43.88722,-162.416718,QIH 064,73
hE88Ymp,Christopher Ramos,02543 Clark Squares Apt. 567 Willismouth Maine. 50317,476-95-3426,44,cramos@byui.edu,001-899-777-7526x89149,85000,1974-10-11,120,831,08,2012,9.8394355,-12.867646,748 FTG,69
SSvY7Ii,Mark Hines,987 Nancy Greens Kendrick ID. 10801,559-52-2654,65,mhines@byui.edu,001-643-719-3232x256,112000,1991-05-25,99,726,02,1970,5.233983,118.348596,657 8988,98
YTJI0LW,Michelle Henderson,4226 Robinson Mission Marsing ID. 65736,286-66-6504,51,mhenderson@byui.edu,001-416-937-8819x1125,87000,2020-06-12,113,827,07,2015,59.9128365,120.828558,5P K1992,99
ER6Q8l6,Tara Bridges,073 Medina Flat Suite 854 Franklin ID. 18034,663-79-6366,41,tbridges@byui.edu,(749)627-9174x061,80000,1974-04-03,99,844,01,2021,38.4014555,-164.379032,618 LTU,89
jjI3K09,Stephanie Mejia,288 Stewart Shore Apt. 418 Clark Fork ID. 61278,021-78-3849,46,smejia@byui.edu,(419)895-3746x078,76000,1987-09-19,126,791,02,2005,30.6236,-28.459038,8SZ M37,96
iO0Eg1Y,Sheila Gonzalez,56831 Madison Islands Huetter ID. 08335,371-04-9696,63,sgonzalez@byui.edu,413.414.0778x778,75000,2008-12-29,103,935,04,1999,-62.619509,-30.71132,762J8,96
EK0qS9t,Daniel Stein,3103 Sanders Mountain Suite 549 Mackay ID. 98301,736-15-4185,48,dstein@byui.edu,7219146293,72000,1982-09-07,117,926,04,2012,-28.22626,-4.102937,YXM 145,98
mMqVOWK,Megan Turner,8440 Rita Pike Apt. 991 Moscow ID. 17321,357-03-3289,42,mturner@byui.edu,163-323-0923,121000,1998-04-20,125,813,09,1970,87.3356635,123.201484,VCL-090,77
IRsjUxF,Jessica Perry,0328 Jason Walks Emmett ID. 21515,356-68-3418,42,jperry@byui.edu,780.991.6879,112000,2011-09-16,115,752,07,1988,-24.915934,74.465862,KRT-0244,88
9835v4g,Mark Chaney,3292 Matthew Bridge Apt. 530 Hauser ID. 30895,501-71-1066,39,mchaney@byui.edu,+1-360-801-2018x12550,104000,2019-12-23,117,852,06,1997,-9.905112,-140.704933,60QU1,62
woNrto7,Wendy Williamson,17149 Diana Drive Apt. 901 Rockland ID. 77949,449-11-7075,38,wwilliamson@byui.edu,001-409-584-5110x666,77000,1994-12-18,97,944,06,2021,-15.9240105,-23.11218,216 ZJX,91
J7igxO1,Margaret Mcdaniel,9991 Lee Way Apt. 164 Grangeville ID. 41505,148-42-6024,67,mmcdaniel@byui.edu,(605)704-5578x51608,98000,2011-10-16,95,870,08,2010,88.596301,-120.04824,8QW49,80
NBzid62,Joan Nicholson,004 Charlene Wall Firth ID. 53933,495-63-1175,46,jnicholson@byui.edu,476-392-6191,108000,1981-08-24,102,835,05,1987,-20.353919,37.610994,155 FAI,83
75Ma5DU,Russell Williams,8156 Andrew Throughway Apt. 404 Robinsonside Nebraska. 22413,564-63-0675,73,rwilliams@byui.edu,270.342.3357x23862,74000,1980-02-17,96,868,09,1977,-16.936316,59.543625,CSE 467,73
wmJ6Q3P,Suzanne Cook,5243 Sandra Motorway Kimberly ID. 06433,796-24-7519,67,scook@byui.edu,231.254.3019,101000,1994-04-29,124,786,10,1972,80.7447615,164.196371,66-3144F,90
1LF0alK,Arthur Hall,6104 Alan Trace Apt. 355 Swan Valley ID. 33679,605-55-5335,41,ahall@byui.edu,949-351-7068,98000,2012-07-11,109,809,06,2009,70.920687,106.833323,TNW-087,60
96wM475,Theresa Jones,1420 Angela Place Suite 688 Worley ID. 77611,742-44-8543,48,tjones@byui.edu,171-229-7164x86936,79000,1970-02-04,123,810,06,1973,86.466887,-87.494872,0N 39633,60
6Mlz37w,Chris Moreno,65964 Nicholas Inlet Suite 568 St. Anthony ID. 92104,103-07-4169,57,cmoreno@byui.edu,3440207162,114000,2021-09-04,127,889,06,1992,8.8280515,54.190758,NXK 835,76
yF5QP3o,Norman Perez,8737 Gregory Mews Chubbuck ID. 70430,159-85-8818,69,nperez@byui.edu,761.217.1867,92000,1992-04-05,126,911,06,1986,65.2833565,43.985108,AXR-8633,83
0aJyhEE,Kelly Robinson,117 Shawn Place St. Charles ID. 43853,639-27-1627,40,krobinson@byui.edu,1008348963,75000,1974-12-30,97,948,08,1970,10.631926,63.782745,XYG 694,97
0Kts3d6,William Mclaughlin,2518 Brian Plains Apt. 506 Kellogg ID. 45410,283-03-4146,43,wmclaughlin@byui.edu,+1-424-157-3840x702,91000,1973-04-20,113,743,01,2022,-47.5853665,168.638304,KY 2267,62
bdz79j4,Victoria Ramirez,36293 Janice Forest Apt. 369 Hamer ID. 47419,002-34-2176,41,vramirez@byui.edu,001-574-223-8225x3126,85000,1971-12-13,97,827,05,1977,62.262866,-68.93407,7-S4950,96
Nxmcy0a,William Krause,761 Justin Ramp Suite 317 Plummer ID. 43579,740-84-5620,43,wkrause@byui.edu,310-213-8963x70612,103000,1992-12-11,121,793,01,1997,15.5948555,46.212024,30H•721,56
H66IS6e,Anthony Hinton,79462 Laurie Way Coeur d'Alene ID. 38217,366-87-0195,68,ahinton@byui.edu,(757)303-7323x48453,86000,1976-06-30,116,910,11,1988,33.210599,89.128289,RWS E16,71
yNa09n7,Leah Vega,8164 Foster Union American Falls ID. 13686,805-51-7008,62,lvega@byui.edu,2119557214,111000,2006-10-06,122,886,11,1981,-83.239984,-42.294985,037-LBY,68
r79TFSE,Lori Munoz,679 Garcia Row Apt. 726 Oxford ID. 95563,244-52-9235,73,lmunoz@byui.edu,321-493-0867x54971,82000,2020-07-10,99,739,11,2022,-4.977265,22.005316,CN 7091,66
Az6vFSo,Jessica Todd,0037 Anne Crossing Suite 821 Grace ID. 16996,752-73-0298,73,jtodd@byui.edu,787.277.1805x488,121000,2011-09-28,115,947,01,2012,42.050062,157.790153,QUI0551,57
72Z7w8n,Allison Pittman,601 Linda Tunnel Suite 094 Grangeville ID. 07424,398-91-4301,41,apittman@byui.edu,+1-473-252-8553x528,100000,2003-04-11,125,759,08,1990,-57.4609895,-144.342863,YLG-9243,76
583qbiQ,Courtney Edwards,535 Nelson Ferry Apt. 940 Burley ID. 34480,802-08-7275,72,cedwards@byui.edu,(118)026-3778x944,88000,2003-04-12,112,749,03,1977,-64.302736,-32.9535,480-YIF,68
n7q978x,Kayla Hawkins,787 Mario Manors Carey ID. 67605,788-32-2604,53,khawkins@byui.edu,001-993-092-2439x16948,76000,1998-07-24,118,910,11,2011,-49.6768215,44.386183,QMO-8640,95
TJ3wxGv,Timothy Anderson,209 Michael Ford Winchester ID. 20796,118-03-0362,60,tanderson@byui.edu,119-143-8098x93100,97000,1981-04-25,103,794,11,2012,-0.692181,153.21575,Y 241775,94
0eaGp28,Katherine Kelly,310 Stout Squares Suite 673 Star ID. 93983,611-59-7459,58,kkelly@byui.edu,636.223.0979,119000,1998-01-30,125,756,07,1971,-45.1217795,-24.575038,16-P070,93
p5lJ11C,Paul Morales,395 Christopher Alley Victor ID. 06827,590-41-0910,73,pmorales@byui.edu,837.679.1516x1957,71000,2003-07-22,125,796,10,1995,37.1403875,63.892264,892-RMN,64
7MvymJ0,Brandon Martin,7506 Clayton Corners Twin Falls ID. 71726,710-36-0365,59,bmartin@byui.edu,660.660.2547,98000,1978-11-19,118,803,04,2010,87.159049,-143.427481,598-NYC,83
bcuseV9,Michael Moore,37332 Heidi Coves Butte City ID. 41541,497-06-0711,69,mmoore@byui.edu,001-150-038-5114x724,109000,2020-05-10,102,783,10,2000,-86.943323,82.792787,0AS38,64
1P0b02m,Christian Boone,644 Rhonda Forest Richfield ID. 25712,411-21-7094,53,cboone@byui.edu,001-784-531-2198x843,82000,1997-10-28,123,728,07,1989,2.175715,95.523933,SBZ 292,90
CWKu5V5,Teresa Martin,55287 Combs Terrace Meridian ID. 72662,713-08-4943,63,tmartin@byui.edu,001-501-833-8985x298,119000,1987-07-09,128,875,06,2008,25.85697,-108.233534,AK 48479,70
D0Y66Nf,Robin Graham,723 Rebecca Spring Suite 623 Jerome ID. 66627,638-66-4620,43,rgraham@byui.edu,(085)417-4924,107000,2018-04-17,108,733,03,2013,-38.382562,-123.474518,NMD6122,65
jz7j25X,Mary Hudson,872 James Unions Bliss ID. 48578,103-85-2456,68,mhudson@byui.edu,+1-787-977-2564x98007,110000,2002-02-03,98,877,05,1972,-42.6241835,-83.508373,64-V768,62
dQ79p91,Alexis Valentine,68693 Robert Bypass Apt. 658 Glenns Ferry ID. 82635,598-83-2535,56,avalentine@byui.edu,+1-583-326-9876x85547,121000,1972-05-03,123,807,01,2017,-30.725487,149.872132,62-Y328,60
pWC6u2j,Melanie Nunez,56331 Jones Bypass Suite 520 St. Maries ID. 73637,147-17-7041,64,mnunez@byui.edu,239.717.3592,96000,1989-12-11,126,922,06,1981,28.653768,-111.560169,953 XAF,80
bHtjXQ1,Lindsey Gordon,0561 White Land Suite 202 Juliaetta ID. 49073,725-93-6524,40,lgordon@byui.edu,001-966-440-1432,105000,1993-11-02,98,929,06,2021,-36.8561875,-131.866818,464-WFJ,81
5N4jJhQ,Melinda Lang,5346 Eric Road Apt. 286 Stephensside North Carolina. 75147,813-91-2875,68,mlang@byui.edu,922-227-0905x7984,116000,1979-09-03,122,911,02,2006,-65.370804,-145.47407,FDR-1835,63
1iKipCU,Alicia Henderson,145 David Union Suite 123 Oldtown ID. 32211,067-83-2216,57,ahenderson@byui.edu,+1-783-804-8460x69272,115000,2006-01-29,99,798,05,1996,29.4975955,-101.073171,215-BRVK,70
24CewAh,Mr. Anthony Paul,766 Jenkins Burg Suite 896 Kuna ID. 43234,316-37-2355,69,manthony@byui.edu,+1-175-511-2335,80000,1998-04-02,107,804,07,1975,38.011378,-102.612021,EHB 037,65
1Et0SyP,Sierra Romero,2270 Holmes Circles Suite 262 Elk River ID. 17116,163-50-2386,52,sromero@byui.edu,434.516.6444,99000,2015-05-23,100,907,09,2010,85.2063525,112.009439,1-29616W,91
azw26rq,Erika Sanchez,4357 Hughes Well Tetonia ID. 57891,485-51-3843,46,esanchez@byui.edu,032-329-6136x230,119000,1996-08-07,126,828,03,2015,41.0898465,-26.287223,JMM7985,85
bmV531F,Jonathan Smith,886 Perkins Islands Minidoka ID. 19034,229-37-9363,63,jsmith@byui.edu,+1-023-008-1298,84000,2009-04-25,95,781,08,2009,-52.3700635,12.400493,643 OUC,88
6wYk7U2,Eddie Cruz,90779 Kristen Islands Crouch ID. 75286,354-57-8818,41,ecruz@byui.edu,(231)740-8282x339,112000,1977-06-26,116,771,11,1971,75.607657,-99.67892,82YM008,82
j5LX75g,Kyle Payne,8501 Charles Ports Apt. 448 Dubois ID. 88262,572-32-0451,63,kpayne@byui.edu,095-819-2481,123000,1999-10-02,98,875,10,2005,78.280952,-65.340014,ZSD-0492,60
zmi997U,Jordan Davis,764 Vega Island Apt. 133 Shelley ID. 98283,891-75-0038,50,jdavis@byui.edu,001-998-910-0128x7752,110000,1993-04-11,103,737,01,1982,51.2651895,-154.467893,44-5232H,96
z7Fp4Mf,Cody Mckay,7396 Margaret Crescent Suite 107 Port Stefaniefort Minnesota. 94283,628-86-9023,62,cmckay@byui.edu,176.386.6087,117000,1970-11-19,115,854,03,1989,-10.502977,-67.645129,IJ5 O6Q,79
P0ICk41,Rachael Bowman MD,719 Dawn Plaza Apt. 976 Parma ID. 70134,824-92-2414,53,rbowman@byui.edu,+1-349-119-8468x3449,117000,1994-07-07,105,726,07,1979,-69.090565,8.287935,398 IZI,88
Y3LVCa6,Tara Smith,458 Rivera Row Post Falls ID. 80580,788-34-6637,57,tsmith@byui.edu,001-323-390-7119x6571,111000,1980-08-07,105,789,07,1989,-77.588716,-8.176236,1IG47,65
uE1FTZY,Justin Wolf,27994 Green Creek Castleford ID. 17613,531-60-8276,40,jwolf@byui.edu,+1-216-872-1101x0531,101000,2015-07-10,114,922,07,2020,-1.9220935,79.828359,X29 5JU,93
d8OEf54,Joe Russell,9539 Armstrong Junction Eden ID. 95259,541-08-7053,55,jrussell@byui.edu,933.218.6374x329,92000,2011-02-19,119,941,12,1973,-53.766877,-90.068213,623-EPU,65
5D513vj,Adam Jackson,4869 Virginia Village Hollister ID. 25918,721-42-0230,64,ajackson@byui.edu,+1-610-268-5422,115000,2005-10-24,108,788,01,1992,3.6606475,97.03689,9-51827,62
KtgdHfT,Carrie Douglas,598 William Stravenue Eden ID. 78971,359-69-8690,54,cdouglas@byui.edu,(984)804-3304x00836,93000,1994-04-19,119,831,10,2009,-70.771863,69.493347,1-40585P,92
O51981Q,Kenneth Reed,287 Ashlee Ports Suite 136 Pearsonland Nevada. 94007,605-82-0364,54,kreed@byui.edu,+1-327-914-2778x4348,84000,1981-08-07,126,825,12,1998,0.993785,-83.599728,4HU1063,77
SblA2Or,Christina Hughes,7185 Hall Ridges Malad ID. 41705,639-31-3713,66,chughes@byui.edu,863.195.8307x68448,74000,1971-05-29,116,795,11,1982,-20.609564,137.288027,IP1 8369,80
cDLANUM,Robert Webb,66295 Jonathan Villages Apt. 174 Cascade ID. 33157,180-40-6657,39,rwebb@byui.edu,714-371-0347x593,87000,1975-12-28,98,750,12,1986,40.16479,-19.736062,807 XYE,78
Uge0fGi,James Wilson,94065 Christy Locks Kootenai ID. 84334,478-75-4242,43,jwilson@byui.edu,835.111.5956,84000,1998-05-15,95,928,01,1988,68.4467245,-65.156367,574-MXO,81
25tnoo7,Cindy Kelly,91490 Solis Run Eagle ID. 21121,106-78-2981,62,ckelly@byui.edu,391-221-1548,108000,1986-01-21,127,730,09,1976,16.343759,-149.760823,HRR 357,68
Eb8ejuR,Aaron West,31668 Franco Trafficway Pinehurst ID. 15952,210-61-5230,48,awest@byui.edu,(001)265-7893x635,79000,1990-09-28,120,898,04,1991,51.4685375,-83.7291,JCL1590,76
31vJ1xs,Julie Gonzalez,242 Jacobson Ville Suite 943 Castleford ID. 64077,850-41-2380,59,jgonzalez@byui.edu,(244)425-7434x050,92000,2020-01-31,107,889,06,1976,-44.9306485,-94.787019,396GN,82
3S396rS,Patricia Nguyen,9263 Amanda Inlet Apt. 218 Weston ID. 54550,219-40-1916,40,pnguyen@byui.edu,001-477-189-8582x136,106000,1970-01-01,128,893,07,1993,-69.061845,137.145659,DLN 074,92
X9T09VQ,Logan Lloyd Jr.,16428 Webb Lock Suite 297 Acequia ID. 37849,084-67-6788,72,llloyd@byui.edu,7222604172,122000,2004-04-08,96,778,02,2019,-40.178842,-101.148369,9JI P98,98
DXvsgUb,Justin Hancock Jr.,9856 Mark Burg Suite 426 Tetonia ID. 06945,102-64-4967,67,jhancock@byui.edu,064.560.5168,107000,1983-12-23,126,928,10,2021,78.161498,174.209707,6-89834,85
hqTyWHv,Katherine Santos,116 Steven Curve Bliss ID. 03300,640-93-4311,40,ksantos@byui.edu,5592387923,116000,1972-05-13,127,775,09,1995,-56.3180725,-0.250347,ORJ-6603,68
V969DuK,Elizabeth Patterson,376 Martinez Loaf Dietrich ID. 67300,048-52-1459,61,epatterson@byui.edu,008-926-7096,106000,2021-11-03,112,763,02,2014,-57.9583165,146.783622,057NYH,91
CYk1uVy,Cassandra Patterson,795 Moss Union Suite 895 Irwin ID. 88182,228-69-1461,63,cpatterson@byui.edu,(562)942-4357,82000,2009-01-07,111,750,02,1980,-78.0411605,-16.800836,A58-KXR,91
88d003Q,Sara Martinez,150 Brian Road Wardner ID. 88976,275-26-0957,49,smartinez@byui.edu,(162)227-4201,114000,1983-06-08,100,826,08,1992,-88.5191685,-20.783058,995H,88
96T6WUP,Hannah Foster,634 Melanie Glens Apt. 887 Peck ID. 10980,055-91-5929,66,hfoster@byui.edu,001-026-018-8362x530,93000,1981-02-11,109,753,03,1980,2.10234,-89.180897,3116 OM,85
bk5qIoA,Steven Blair,36905 Alicia Skyway Apt. 421 Victor ID. 81246,616-67-8660,60,sblair@byui.edu,+1-589-297-4503x925,103000,1970-03-13,108,798,02,1996,-50.297955,12.919872,ZCB 013,94
nR31QoG,Brittney Bell,7275 Kurt Squares Reubens ID. 79900,140-04-5421,44,bbell@byui.edu,001-642-836-7310x8178,112000,1999-05-03,101,835,06,2002,-18.3855355,13.687712,JN5 M8D,97
LQA85Ou,Melissa Johnson,70347 Sandra Cape Rupert ID. 58288,848-60-6187,56,mjohnson@byui.edu,(516)405-3063x116,119000,1994-07-29,97,885,03,1984,-21.801879,160.120065,2-52472,92
ZJh69KY,Monique Robinson,605 Keith Greens Suite 479 Clark Fork ID. 02380,330-40-4714,41,mrobinson@byui.edu,(786)470-8309x190,87000,1984-10-26,129,774,03,1983,43.1040425,-65.659406,393-JWK,77
pCPx166,James Greer,4618 Deborah Trace Rexburg ID. 27687,369-94-5603,72,jgreer@byui.edu,(972)106-3660x282,115000,2019-07-31,119,881,07,1980,-51.542785,57.061995,VJM 528,89
A3V4xrB,Douglas Smith,2283 Casey Prairie Suite 971 East Derrick Delaware. 89515,598-35-3133,60,dsmith@byui.edu,226.007.7718,115000,1988-05-26,98,824,09,2018,39.5085315,-11.134327,UAZ X50,82
Nb5L9S6,Renee Roberts,02416 Patrick Gardens Peck ID. 28510,879-26-1806,39,rroberts@byui.edu,(558)213-4051x618,104000,2004-01-12,103,830,03,2005,-67.2509425,-2.302599,620 CWZ,67
v4Sm8kL,Jessica Baker,6149 Peters Land South Ryan Ohio. 90288,356-09-6341,44,jbaker@byui.edu,9294968568,124000,1976-07-07,111,742,05,1985,28.7669285,173.401844,OLC2498,59
wh098w3,Angel Mack,37896 Olsen Ridges Paris ID. 60813,503-93-3387,60,amack@byui.edu,477.768.7943,82000,1987-09-01,123,799,09,2020,51.8217305,-110.238025,08-SX58,89
DG3NP5Z,Jonathan Rogers,394 Solomon Street Suite 576 Newdale ID. 20339,804-30-5397,60,jrogers@byui.edu,139-889-1311,89000,2015-05-04,123,812,11,2000,-43.1907305,-72.439977,8JK 669,56
EbBfjFW,Ralph Roman,008 Regina Circle Ririe ID. 78695,018-82-3436,44,rroman@byui.edu,001-768-234-4194x6580,99000,1996-01-18,125,824,12,1980,-46.083625,-49.560091,32-7533P,95
7A19i5e,Thomas Brock,6462 Johnson Passage Apt. 639 Ucon ID. 71755,549-80-8568,38,tbrock@byui.edu,(052)767-3046,71000,2017-08-21,128,821,07,1975,-25.298863,11.972821,704-GGM,93
30kR8A9,Reginald Baker,371 Nicole Square Pierce ID. 61828,344-59-8257,48,rbaker@byui.edu,118.214.2157,121000,2019-06-06,116,847,04,1989,24.7918955,129.208437,VTI 1494,89
90V5sN4,Carly Lamb,541 Thomas Lakes Athol ID. 53573,247-40-8357,63,clamb@byui.edu,025.863.0000x19231,75000,2009-10-19,104,733,04,1986,66.7821315,-119.449073,355 FFC,75
8LP8vYQ,Holly Barron,857 Wilkins Curve Clifton ID. 14374,277-73-6349,54,hbarron@byui.edu,754-387-1551,92000,2007-12-07,107,832,01,1974,-61.130545,-132.533245,333 RTU,67
tKcI74h,James Scott,2555 Lance Streets Suite 004 Homedale ID. 82122,039-75-5463,43,jscott@byui.edu,001-729-804-7797,73000,2021-09-14,118,844,10,2021,-87.902786,-163.512236,658 TOX,59
gqyuui8,Betty Lang,34364 Jones Springs McCammon ID. 48868,673-69-7831,61,blang@byui.edu,+1-144-552-7052x261,108000,2009-08-07,129,820,11,1997,66.7260275,-103.977899,301-BDB,83
vu1sKw3,Christine Merritt,6967 Sanders Mountain Warm River ID. 31926,171-91-7219,66,cmerritt@byui.edu,140.652.8894,83000,2018-08-16,119,741,01,2008,3.0012825,95.50585,67-00878,78
hfru4i9,Maria Stout MD,6844 Kelly Ridge St. Anthony ID. 58581,650-24-0819,54,mstout@byui.edu,001-986-739-3817,91000,1987-05-05,127,855,06,2015,74.275766,142.156852,99E S91,77
53WKja3,Sarah Burns,921 Amber Terrace Suite 410 Marsing ID. 72289,531-97-3047,43,sburns@byui.edu,655-378-6014,114000,2012-07-07,119,834,01,2013,76.473508,170.604562,HRO 074,58
gDrxI6X,Aaron Harris,4793 Smith Terrace Donnelly ID. 70124,801-51-9997,72,aharris@byui.edu,637-001-2825x33263,90000,2008-03-01,128,727,11,2004,-55.705794,111.96207,463 1935,90
6e9VD7S,Jill Santiago,77842 Lee Bypass Suite 370 Homedale ID. 85860,046-44-5278,66,jsantiago@byui.edu,(887)851-9657x98449,118000,1999-10-27,111,760,02,2012,7.227901,-98.270882,UOM 198,58
A833Ye0,Crystal Morse,15467 Lauren Prairie Rathdrum ID. 28947,828-59-0940,71,cmorse@byui.edu,001-964-434-2096x99052,98000,1989-01-27,116,790,04,1992,69.8895485,127.669781,704 KYO,68
8W9O4zF,Evelyn Bolton,569 David Fall Suite 443 Driggs ID. 78555,888-08-8956,38,ebolton@byui.edu,6390748891,120000,1996-09-13,111,831,08,1976,-42.4567225,-170.363752,KPS 535,62
gI85d1Y,Tracy Archer,3263 Michael Pine Apt. 583 Eagle ID. 89848,110-31-3006,65,tarcher@byui.edu,632-661-9095x656,95000,1970-10-15,119,826,02,2022,62.5219085,82.654212,525 PDZ,69
UbKPrf1,Marilyn Perez,904 William Cliffs Apt. 909 Grance View ID. 02097,003-56-7470,52,mperez@byui.edu,245-496-3608,97000,2006-12-28,96,890,07,1999,31.064159,-77.575064,9U 9279U,57
Ki79FO8,Michael Perry,5949 Lee Villages Orofino ID. 44551,836-28-1627,65,mperry@byui.edu,142.281.9414x980,74000,1992-10-20,99,818,01,1986,41.2659165,-107.052915,115-463,92
H54j3Pf,Anita Davidson,572 Lee Field Suite 144 Bonners Ferry ID. 52875,454-56-5122,41,adavidson@byui.edu,473-728-7036,84000,2019-05-23,102,830,08,1987,-3.8825605,-135.181959,KBL 211,92
4SL4P2n,Andrew Allen,708 Savage Plains Garden City ID. 64637,349-99-4712,65,aallen@byui.edu,(453)331-8714,122000,2020-02-10,110,854,02,1987,70.4104035,-98.682113,BXJ 645,72
59OMDB8,David Hansen,152 Boyd Ville Suite 198 Ponderay ID. 60025,796-88-6128,68,dhansen@byui.edu,169.471.7330,83000,1993-07-16,101,741,08,1974,-3.011715,-115.955621,2-16157B,60
zk29B82,Anne Castro,99881 Rebecca Rue Priest River ID. 20603,497-05-4210,64,acastro@byui.edu,001-680-795-0895x42354,112000,1988-05-16,127,803,01,2003,-10.0660935,173.458592,PWO 795,66
eXc58Zq,Stacey Stewart,17467 Brittany Via Apt. 459 Wilder ID. 88676,697-01-9140,67,sstewart@byui.edu,+1-845-202-7714x0733,114000,1988-05-22,104,894,10,2021,-54.6482455,141.573378,KP 16137,80
LMZoMfS,Jocelyn Taylor,3898 George Walk Apt. 890 Troy ID. 60231,003-45-4096,62,jtaylor@byui.edu,241.909.9634,75000,1971-03-23,101,936,05,2014,-68.4424355,-79.181042,090 9AS,70
Y518zym,Brooke Nguyen,769 Young Unions Apt. 824 Swan Valley ID. 30140,508-69-6239,38,bnguyen@byui.edu,286-722-9691x395,87000,2004-10-04,119,752,01,1991,-64.625636,-11.96454,64EH7,58
JM6Nk56,James Miller,2501 Brent Summit Star ID. 97683,688-47-4359,39,jmiller@byui.edu,550-777-4854,80000,2009-09-30,120,846,01,1988,-27.318735,-62.628038,HDD 198,90
ZOzWR7j,Alexis Owens,2355 Linda Junctions Suite 433 Hope ID. 37560,488-46-2650,52,aowens@byui.edu,001-192-210-9858x05547,121000,1978-03-21,100,921,02,1975,54.5582475,174.972714,108-LWQ,67
Fus4298,Sandra Howell,7856 Natalie Rest Stites ID. 87837,638-16-8703,72,showell@byui.edu,+1-004-797-0518x3825,106000,1997-08-06,97,855,03,1993,31.390629,33.757737,972-843,77
pboFFl8,Lori Campbell,52575 George Square Rupert ID. 42674,438-68-0941,38,lcampbell@byui.edu,+1-446-067-6354x45537,82000,1971-08-24,127,732,06,1993,-40.159501,-2.964897,47-G134,91
TA32329,Tyler Stevenson,2427 William Well Suite 622 Caldwell ID. 34806,495-91-1039,64,tstevenson@byui.edu,742-850-5973x143,107000,1993-10-02,125,742,05,2005,27.0637095,-41.397543,307 LYT,75
h7AYk3U,Michael Daniels,252 Conner Stream Moore ID. 18489,748-29-9776,38,mdaniels@byui.edu,192-124-4870x67283,91000,1983-09-12,125,737,08,2020,34.72793,147.159256,ZXZ-453,58
RHC11sU,Anita Watts,1767 Booth Stream Suite 980 Menan ID. 45086,799-41-6347,53,awatts@byui.edu,928.081.1243x023,102000,1971-09-27,120,864,02,2020,-28.1076975,42.64455,KNR 071,83
xQ7Wpze,Amanda Thompson,543 Sutton Vista Apt. 243 Oldtown ID. 07031,455-42-8316,41,athompson@byui.edu,451-046-7005x7687,99000,2008-09-18,118,818,07,1982,89.6139635,-146.046338,7KZ6561,78
9u688gI,Nicole Keith,49360 Pamela Route Suite 679 Culdesac ID. 14688,773-78-9639,67,nkeith@byui.edu,(872)066-4780x426,101000,1997-06-26,128,741,03,1985,-25.0365935,72.065015,VQI 703,86
GEbAJ11,Cynthia Howard,387 Alexander Square Clark Fork ID. 59313,786-40-7082,71,choward@byui.edu,001-191-428-2085x93600,122000,1997-07-04,103,754,04,1972,56.475922,-134.226933,290 BKC,99
tS244md,Mrs. Karen Yoder,699 Pamela Summit Suite 976 Basalt ID. 94974,741-46-2609,38,mkaren@byui.edu,489.944.0299,78000,2010-09-18,101,748,10,2004,-85.220939,126.597154,OBS-475,91
30kRjXw,Kimberly Pittman,09448 Rebecca Springs Suite 888 Kimberly ID. 84437,139-94-9032,53,kpittman@byui.edu,552.806.5239,107000,2000-04-01,119,777,09,2001,0.9572895,147.776343,47E 0474,97
vV5zo18,Jacob Kelly,98529 Morrison Meadows Apt. 179 Coeur d'Alene ID. 26052,604-46-4673,70,jkelly@byui.edu,111-963-2520,96000,2009-04-05,125,812,06,1999,-82.213067,132.777648,767 UQT,89
vE7C7A0,Christine Chandler,4151 Meghan Park Ririe ID. 11867,029-49-3780,50,cchandler@byui.edu,(805)882-2168,80000,2021-09-20,105,929,05,2020,-76.495819,134.21247,374 VRN,61
FSrLkGz,James Ward,7367 Richardson Fords Suite 020 Plummer ID. 61300,764-66-7041,58,jward@byui.edu,(125)147-7382x2073,95000,1978-10-15,101,794,10,1988,27.498167,8.333571,482H,78
7Bvc46r,Mark Novak,98051 Soto Plain Suite 889 Mountain Home ID. 22385,174-74-8857,51,mnovak@byui.edu,9250494413,124000,2019-01-21,107,790,05,1971,65.0216505,-108.593439,465JG,87
wLSIeN0,Megan Contreras,022 Albert Mountains Apt. 273 Hamer ID. 38367,356-32-2038,73,mcontreras@byui.edu,001-344-881-7515,96000,1985-06-02,119,739,02,1993,55.0643485,80.832602,09I JG8,64
jl2T120,Christopher Quinn,2845 Smith Trafficway Apt. 306 Caldwell ID. 68008,312-81-2368,72,cquinn@byui.edu,9019437438,117000,2013-01-19,99,942,09,2007,74.6953365,172.426671,39FO043,92
MR5hUnl,Angelica Mullins,14878 Santiago Inlet Apt. 392 Clark Fork ID. 56852,088-02-5322,60,amullins@byui.edu,072.440.5925x6784,90000,1972-07-12,97,811,10,1989,81.6692825,-89.27023,5-11500,86
08sM31f,Jessica Burke,676 Ryan Brook Bovill ID. 27789,359-98-1101,59,jburke@byui.edu,(821)725-6236x868,73000,1999-05-31,109,934,09,2010,16.658138,-45.322229,758 LHE,67
F9UhOIL,David Huff,48788 Anderson Landing Spencer ID. 83529,384-62-4540,70,dhuff@byui.edu,459-290-3609x67788,112000,1986-09-03,109,822,02,1989,0.898171,56.109686,950-GPM,76
6Gm22iy,Travis Davila,2604 Tamara Tunnel Basalt ID. 45363,721-63-1941,62,tdavila@byui.edu,387-450-9916x7963,111000,1980-11-17,110,819,03,1984,-40.2706565,14.313529,RE 6469,64
Ao3VozV,Samantha Smith,6150 Williams Radial Suite 867 Aberdeen ID. 87104,791-30-6773,53,ssmith@byui.edu,+1-738-325-4129x24913,70000,1980-06-23,114,732,02,1981,7.953602,16.747404,MYW 315,57
1bC6zL8,Megan Hernandez,3851 Page Road Suite 914 Culdesac ID. 54457,751-87-0421,55,mhernandez@byui.edu,074.677.6392x587,100000,1989-12-22,127,743,03,2010,-6.001081,124.249581,089UBU,70
fUh20e2,Kathy Patel,604 Megan View Apt. 516 White Bird ID. 28861,722-71-5250,64,kpatel@byui.edu,666-116-2269x3649,110000,1982-11-27,116,824,02,2008,64.4619,143.975671,G09 9LA,96
7RoTYgh,Patricia Castro,1411 Cole Rue Apt. 709 Franklin ID. 13714,413-43-0298,53,pcastro@byui.edu,+1-762-974-8825x9893,112000,1993-03-05,129,928,04,2007,-45.688275,-175.210666,509840,61
