68Ip281,1Fk48VH,8zGXfXD,MR3j9s3,29V4CF3,s7tZx8r,vvSFm3L,Y69PwW6,VAuq292,6bLG48g,K4Nzys5,9G0fg1o,ip40EHS,C2yf1c2,4565f2s,GDeBY28,8ou4p37,HZQaIkH,Z656mx7,o0hDy4x,26VVmpn,xETe2f1,nXUml0N,x9id303,7ZpL2XA,s9O8rhs,OGja3QO,NxzQ6I1,uIYY1Ji,xH41G0k,boxw63g,2nZ9UYy,pB7u2aI,kzeZe49,Mb1h17C,h708B65,EXx56Iq,wiWR17P,JX7NFfs,V2liMCG,bFR69m5,YW9b4N6,9kt9464,j5Jg4y9,r32sfY2,85Ii48J,KLsA1lH,x2SbaCa,kdKymm8,tRe2Xfp,ll5skv3,8w4yvK1,ZU8g2CH,60M8lR0,4n0476N,W1maC69,5v96CHg,DgaO09R,68m5Cbm,d90m0fW,2x1XA8S,8stMejB,3015bHG,QF7q4JX,864173e,TX7Ga17,0R7xONz,7D23bVM,CwzMO5t,9H9Bf3N,58wF4k4,ZWvh0d7,XGN03eU,HWH7W8A,315Qu3a,CXD3A32,8eFsQwW,OSny2Uo,mX3z8WA,Mi01JA6,dHLlb27,jFZvf86,4T05jKv,D759Vs0,c4sy6qs,LguiPh7,9EOW215,anp9vSG,RtXen8W,fxN5aNw,2h0SooE,c2MWtm0,6HB4Ni0,ChrkndI,6w0LmTf,114v28A,Wli4979,H0nWZkB,Dhciai7,FGIx7hA,3LP7FaK,2f88f9s,Fnh95nR,GLBr8Za,1VHv72l,xAihlEv,ueQ81zw,R56qP95,L54I3aM,4CJ5JIM,1bTl9L8,NNQggu4,e6p0Ly7,uqC1vwY,4Ep461J,a4p46gf,sDPil76,8cP8hl1,3o7b24a,G41fqxQ,LP71UOW,41HGBea,WNKBpkX,z6774W3,2iQ3klx,lEu1DB2,XT7b3VP,ArGxuj2,4W0UJS2,ShZTS11,8p41P5p,HP8F2L6,gJZ9G6p,3s350LN,o8aSWcW,CB04471,kzWfj8k,MBO49Y6,21E6N3r,5FA7sM0,5147AbX,h3od85f,17M9b4n,jbHzKH1,LEW19dr,I6c25EP,qyLiXJY,W4KtH1Q,eqGmFe1,3wPfJ73,mfYmdee,4FVd16Y,Puv51tv,2EVa37M,wI1D7F8,bAE45er,UE5f0p3,aowXRyF,697KAQ7,do5S8od,mG6mJl9,3909Q5f,9H2Ng21,3F9Wr5X,36eB2Kf,AL8jaVN,S9kwe2m,5AGN7TW,4fLdBt4,9x08cAN,rp5ii5L,cQbwZ2z,q16M742,X9puiNp,aRZFRdk,TP8Sotv,09LOuS4,JzNydoh,9H9oYVA,EwD6Ej0,kduZT21,SEu302W,o58i6hL,131n0g3,VsppUb0,1J60AnB,P6s8gek,92Hnpto,pmEG3hn,sfM23qV,9078OC8,5ts204O,w3WZmlv,a9ZY3II,RV8LMl5,WlG2F9r,e5c750D,7JN4otW,dWzjosg,CinaN9R,r22Cf4E,v0nneST,4PtuSFj,b7nwaOY,802x4l8,74HRc6R,BZPnb5P,C4OwMH2,j5396P1,jO7YYDJ,FL3OVBF,N00S03x,MGI5rD4,Wv89V6D,g1110tH,08564Em,Qk4aalo,GX4S5Sv,bDW3XB5,1LRVb2g,RLbj1Z0,XPAi74b,agEI10P,XzLLJ01,zsQ4skQ,q30tk1v,CZ3yS2L,f5JmG5s,t9MlI82,q32Oe80,486813v,j2i94AJ,8rAHjR4,4RNHrwp,4Hi2A2C,B4X389d,sxR7tja,Dkc0rfz,5d5AeVf,1mkF6W0,4S6Gy7v,rHHppsY,fatg3Uu,WQ10c65,H7De6DH,l8fLTi1,K04TeV3,BzME475,0t449O2,GYG9RfW,dkuEuoo,09bQGLX,1h4xpz1,VL0A8Uv,7yJ3f4H,j9ONwoe,BuiuPk4,QS8VRlh,jfEP8Qr,4Szn51e,ae4iAjE,o1NuNs2,JViGRZQ,4VzXS68,M097p1b,39pB5y4,7q8qTK5,OatRafR,bDqp3yn,RaGB7b8,JRZsUYN,t7Bd7G5,k8QOLXG,610PEkd,Gw5Ji7q,9gBHSpQ,OaJqmCX,NrL0z4F,CbhJx4c,16YQT6o,0IEVaKN,1DE2Jiy,hq27IVn,Em4PEoZ,Dc1Xui1,bf5uvOD,CbPjJ4E,65i3ae9,96W7L7l,78rVbM7,dmJEf3Z,t6DQjA5,cmGPniR,MVRbR8x,LE1TY8V,tB97c24,1It9S93,WN7Uk3s,zofdXv2,GnEMG77,S7rHly2,40rArc4,tfvVD5v,kv3Mt52,gxVq374,yFq5agp,RP3vndi,xi42irU,V6MKke0,YTs1m9o,2hU8TRP,o6atTgV,X006pUa,7HcxnU1,BIbqrXJ,7sM2KAE,e2gv115,9N5ZiTH,Lx97088,1xZOxrC,7GlizDR,Jw84RVi,1akfK1p,q68x69V,6N96I2s,mG412P3,E4p4fy0,1P5SBMZ,C6FGZNt,oiq33gd,50GZ15E,lLjX5bE,4nk4Be9,6n3K76T,LKq5276,0zqtjJv,8ay74ge,siRDjYK,7nf4mOw,Ae3Stdn,2nm9F35,41e3EX1,Zq1PY5v,57v7Y6N,zQk59GP,ac7Y22i,sqKoJ5Q,a6i92Sa,wpV2P3i,SbLCo2i,RWnkNum,70Q87Le,vEuM1nd,RAFPOjb,p250Gcd,42BrI5V,0i50S2n,720CqKd,P370b76,HOHEyo4,4I7G97H,LXmLF4h,G6u9MAh,AdAP282,8xJtDf0,yc2D6VX,rUpZ7ds,dzzS9lU,P22JWVC,3w5D4yT,v1B0a30,03SkH42,L9X7DsM,25Z4zL8,5JnYmYi,dl15The,XhKjpi3,ko8513m,dw192br,YWiY625,GoTjtlz,25xAm5D,41w3mWP,1EVi2d1,WT3GWR2,L1OW8Xu,QFRVwyB,NqkBs29,LD265Uc,RtPAVTE,RX3U9h8,2huEF92,WwY9a3i,OS9Kxz9,83CCuhB,0zf4V4G,Z5PDMZ1,vB25ID5,2nH00oi,5977EMa,y0BBM97,Ms8yvxo,RZhG5KQ,GAf0o3z,28E19of,0QDMQK2,O0PC0HI,mx6c5af,iLHfB5v,ccthzf6,wCCy8v8,4kC62Fu,9d207zl,h8HhSx6,bRq90q9,AVtcOdx,4L0mg3q
73,66,69,93,78,71,55,58,80,89,60,90,84,71,96,54,88,51,79,52,74,73,66,77,86,62,98,83,94,70,85,68,69,81,65,50,59,63,65,93,80,73,73,95,73,82,63,84,70,91,94,71,66,100,60,99,85,54,89,73,74,60,63,66,73,54,84,100,53,67,100,82,82,67,77,79,86,67,74,89,72,48,79,77,88,80,83,65,78,64,78,89,73,58,51,79,88,83,84,78,80,94,71,98,73,86,83,64,60,60,61,76,56,72,56,79,52,76,54,70,93,85,77,79,55,70,95,72,62,97,87,93,71,55,61,70,89,82,87,78,89,61,90,65,77,87,80,84,56,63,61,84,57,91,87,81,81,68,98,66,90,60,71,69,100,60,63,78,81,76,59,71,84,93,85,66,87,55,59,97,65,64,66,80,100,99,67,55,60,87,93,53,92,65,61,87,63,83,72,88,97,83,80,100,94,82,65,100,92,62,74,83,69,88,69,68,77,59,76,79,89,92,71,90,58,81,62,84,55,75,65,54,72,87,91,63,91,67,68,99,84,54,73,71,76,68,66,97,73,63,64,78,63,73,87,59,65,92,58,62,97,79,50,74,80,65,60,92,79,99,78,72,84,87,63,100,80,95,67,55,57,85,72,92,58,100,94,82,75,78,79,53,68,73,58,100,74,74,83,70,79,59,89,96,96,92,81,100,58,88,78,77,80,60,91,67,79,77,93,65,93,92,62,75,65,72,74,69,60,69,90,93,84,84,86,59,64,95,73,58,67,85,67,59,62,98,70,76,86,65,87,51,91,66,68,81,91,70,100,65,77,72,92,77,84,57,58,93,68,70,85,94,60,97,74,99,62,73,84,88,88,59,88,55,65,52,60,70,70,88,57,89,71,64,93,50,69,84,87,61,55,63,94,63,93,92,92,91,83,86,97,89,88,87,77,88,76
72,62,65,91,81,66,59,55,82,88,61,94,79,73,95,54,85,46,79,47,74,71,69,74,88,62,97,84,98,68,80,73,70,78,69,53,58,65,64,88,82,77,75,97,68,79,62,87,73,87,92,70,71,98,58,104,87,55,91,76,79,61,61,65,70,59,87,104,58,69,105,88,83,66,75,78,85,71,74,89,68,51,79,82,89,85,79,71,82,67,82,93,69,57,48,80,84,80,80,81,81,90,71,102,75,85,82,65,61,61,62,82,61,77,57,81,47,81,51,69,93,85,76,85,52,74,92,73,66,103,92,94,74,54,66,70,85,85,85,81,88,60,88,67,79,83,81,86,51,61,60,80,59,86,88,85,79,63,104,67,92,59,69,70,103,59,60,75,79,74,60,76,88,93,82,66,89,52,62,98,63,64,69,80,104,103,69,54,61,85,98,57,88,60,65,85,64,86,73,85,99,83,79,100,95,86,67,102,92,61,79,85,71,93,70,72,80,60,77,74,90,88,69,85,53,77,59,89,59,75,68,55,72,82,93,69,97,62,72,98,89,53,74,69,80,67,61,101,72,60,61,81,63,73,84,59,62,97,58,58,96,81,56,76,77,65,57,95,84,100,73,67,80,90,59,97,84,92,70,50,53,85,76,91,55,101,98,87,75,78,80,50,63,75,64,96,80,78,80,72,78,64,94,96,97,88,80,98,61,94,78,74,84,63,87,62,82,75,92,64,98,89,63,73,65,76,80,74,62,72,86,95,81,90,87,58,68,96,74,56,68,87,70,58,67,93,75,81,83,61,83,55,92,71,65,80,95,73,98,70,76,71,95,81,87,59,60,92,68,66,87,89,60,97,76,94,58,78,83,88,92,65,93,57,68,52,66,67,76,90,58,93,77,64,95,52,68,81,82,67,51,60,92,65,99,90,87,89,80,81,97,93,94,87,73,85,71
71,62,68,91,77,69,60,50,87,86,56,91,75,74,98,60,89,45,78,46,72,66,65,76,88,61,100,90,101,68,78,69,73,77,65,59,57,64,67,86,81,81,80,101,68,80,58,86,70,83,91,74,74,99,53,109,93,52,88,77,84,56,57,60,73,63,88,101,53,70,109,90,80,69,76,73,91,75,79,90,74,56,78,84,85,85,80,77,82,67,85,88,67,60,51,84,79,81,78,78,87,93,75,97,79,85,86,67,65,67,66,79,65,72,60,87,45,76,52,72,91,85,76,84,52,71,97,68,67,109,94,89,77,60,66,71,81,80,87,84,94,55,88,68,77,86,82,86,47,56,58,78,64,83,90,82,78,63,109,67,98,57,69,70,103,56,63,72,78,76,64,77,84,98,87,62,94,58,58,101,59,64,68,84,103,108,64,56,64,89,101,61,83,61,60,86,66,88,71,88,104,80,82,105,93,82,65,103,89,57,74,89,71,92,72,78,79,58,83,72,91,90,72,86,50,78,62,90,64,70,69,56,69,82,88,72,98,62,69,102,93,52,72,75,77,66,56,104,72,63,62,76,61,76,82,60,66,99,60,57,100,82,58,73,78,62,62,94,88,103,76,73,76,85,64,95,89,97,71,53,54,81,72,96,54,102,97,82,73,73,75,46,63,81,63,93,86,82,81,72,83,63,100,99,92,86,78,104,62,95,73,72,79,68,90,62,81,72,91,63,102,84,69,70,65,74,80,70,58,75,89,94,78,88,92,53,74,98,74,60,67,85,68,61,71,90,78,80,82,56,79,58,88,76,65,84,92,78,99,66,71,72,101,85,90,64,61,87,65,68,86,86,65,101,76,95,53,84,79,88,88,67,91,57,63,48,65,68,71,91,59,90,75,69,96,52,72,78,84,64,52,65,92,60,98,92,92,95,78,77,94,89,94,82,69,90,77
69,58,68,87,76,70,55,51,90,91,62,93,70,78,98,63,88,42,74,49,70,70,69,77,90,59,98,89,107,67,82,67,79,81,68,55,60,66,72,82,86,85,79,96,69,76,53,92,74,87,86,80,69,102,57,113,88,52,94,82,89,59,61,61,71,61,84,99,58,73,106,86,81,73,74,73,90,78,76,89,78,57,75,85,83,86,77,80,86,70,82,83,72,65,53,82,80,83,74,73,92,89,75,99,84,84,87,71,65,70,65,84,71,73,57,87,42,81,58,70,93,84,75,84,49,67,93,66,68,110,99,86,76,56,65,76,83,84,84,89,89,61,91,73,77,81,77,92,46,52,59,76,65,82,86,82,84,65,104,64,98,54,71,67,105,55,60,72,80,75,60,77,80,95,90,66,93,56,62,103,65,65,68,83,108,106,70,52,66,92,106,64,81,58,57,90,63,92,72,85,101,83,85,103,99,83,71,100,92,52,77,90,68,87,74,84,85,62,87,75,96,86,73,88,46,81,62,85,63,69,72,51,66,85,83,77,99,67,75,108,90,48,68,77,83,67,57,110,73,63,58,80,62,81,79,61,62,104,58,60,102,81,56,79,74,58,65,89,85,105,73,75,73,83,65,92,85,100,67,54,51,84,70,99,50,97,93,87,73,71,70,41,66,83,59,91,85,84,81,67,79,60,104,100,96,90,74,100,58,101,68,75,84,70,92,59,81,73,91,61,98,80,66,75,65,72,83,67,61,70,86,90,81,84,95,53,72,95,70,57,63,81,74,58,77,87,79,80,80,53,82,53,85,71,64,84,94,75,97,61,72,76,100,89,96,68,56,85,66,70,82,89,66,98,73,90,48,90,74,86,84,70,87,61,65,53,60,63,74,89,56,94,80,68,102,47,73,79,87,68,49,69,89,62,96,90,96,94,81,81,100,94,99,84,73,91,77
64,60,71,83,73,66,59,51,96,97,66,95,66,77,102,69,94,46,74,53,68,75,69,79,86,57,94,88,109,72,79,73,82,84,71,52,57,63,73,86,90,83,82,94,71,78,55,91,70,85,91,78,70,97,60,113,93,58,99,77,92,56,64,57,71,62,90,100,58,71,103,85,78,72,80,78,88,83,75,85,75,57,79,81,79,82,72,75,81,73,85,80,76,68,51,78,83,86,75,68,98,84,78,105,79,89,85,72,65,75,65,80,74,77,55,83,42,86,57,66,90,81,74,88,48,62,89,72,74,115,104,86,80,55,69,71,86,83,90,89,88,57,94,79,72,79,83,88,49,57,58,77,62,88,81,86,79,60,106,65,97,57,68,66,104,52,60,68,83,72,59,82,80,97,86,64,97,55,58,106,66,60,64,79,110,105,65,47,65,87,106,61,80,54,54,87,62,95,67,84,105,83,80,100,102,89,72,102,88,48,72,86,73,85,72,84,83,62,84,75,96,82,76,91,45,84,61,84,60,67,74,56,63,90,85,72,96,65,71,105,86,43,74,73,85,70,55,115,76,60,62,77,61,76,84,64,68,100,54,58,105,80,55,77,71,58,61,84,85,108,79,77,73,86,66,93,84,106,73,58,49,83,65,105,51,102,89,84,79,75,65,45,61,83,59,92,85,85,84,64,77,56,104,104,91,94,69,104,61,105,64,73,81,66,94,57,84,77,96,66,94,77,65,77,60,70,78,72,64,68,90,87,79,84,97,54,76,99,72,56,68,83,75,53,82,82,82,86,75,52,77,58,86,71,60,89,100,72,97,60,71,81,104,85,91,67,58,91,67,70,84,94,64,94,78,96,43,93,79,83,85,65,83,59,60,59,62,61,77,90,59,91,85,66,104,47,71,85,89,65,55,74,90,57,98,86,101,98,80,80,106,89,101,84,72,93,79
70,65,75,80,77,68,58,50,96,103,70,97,71,75,99,75,95,47,70,54,71,74,73,76,84,53,100,90,107,74,78,69,79,86,74,48,55,64,74,90,91,81,77,99,67,81,51,87,73,85,91,78,72,101,57,108,95,56,97,77,97,56,62,59,70,64,87,102,63,68,104,87,75,67,75,75,87,87,76,86,79,55,82,80,79,82,78,71,79,77,88,86,82,74,48,77,81,82,70,63,94,85,73,106,78,94,88,76,65,81,61,82,74,81,52,81,44,91,59,67,94,83,69,94,53,60,85,70,79,111,109,86,76,52,68,70,85,89,90,92,85,56,96,79,72,81,86,87,53,58,62,76,63,94,80,88,83,56,106,64,92,63,70,70,109,47,61,70,83,72,57,80,78,98,87,59,94,51,59,109,69,65,64,83,114,104,64,53,70,85,108,67,77,54,59,87,62,92,69,88,108,84,81,106,101,94,78,102,88,48,68,85,68,89,72,85,88,62,83,72,101,82,72,90,50,89,58,80,60,67,78,52,64,91,88,71,95,66,76,103,85,45,76,79,87,72,52,118,71,58,63,79,56,79,90,60,68,96,54,64,109,80,54,81,76,60,56,82,80,113,83,76,76,92,65,90,88,104,77,64,49,86,71,102,54,106,94,79,75,78,69,43,56,86,61,88,90,87,82,69,75,56,105,105,89,90,66,106,66,104,59,75,87,65,99,55,86,78,91,66,91,79,60,81,62,73,82,75,64,63,86,83,79,85,101,53,80,101,77,55,66,81,81,59,85,81,86,85,76,56,77,58,83,73,66,90,104,75,95,63,66,78,110,88,94,64,63,95,73,75,84,93,68,90,78,92,49,89,84,80,87,60,79,60,63,62,64,59,79,96,54,92,86,63,99,43,69,81,90,67,54,72,90,59,97,91,101,104,84,76,103,87,98,79,67,98,82
67,60,71,79,83,73,57,55,94,101,65,102,67,75,102,77,95,44,72,58,69,72,68,82,87,50,101,89,102,71,74,75,74,89,78,54,55,67,79,92,91,83,82,94,69,81,55,92,77,91,97,83,75,98,54,108,101,51,92,75,101,61,61,58,69,66,83,97,59,73,108,91,72,68,74,81,83,88,71,89,74,61,80,83,79,82,83,73,75,81,86,85,88,75,46,79,76,86,69,64,93,88,79,103,84,89,90,80,68,80,60,86,79,77,53,76,46,90,56,65,93,87,70,89,55,65,90,69,75,107,113,91,72,53,67,67,89,95,88,95,87,56,101,78,75,83,81,89,50,60,59,75,58,91,80,84,78,53,101,65,94,64,65,70,104,43,60,66,89,71,63,80,73,101,85,65,93,54,55,114,68,60,69,81,112,108,70,58,76,81,112,73,81,57,59,84,63,90,71,88,103,89,87,104,97,89,74,100,92,43,68,85,65,89,67,83,93,61,86,76,100,83,78,96,48,89,60,81,66,65,76,49,61,88,91,68,92,68,73,103,89,48,73,82,92,75,54,118,72,53,67,80,52,76,96,58,66,102,51,68,106,84,55,85,71,58,51,78,79,117,78,71,71,94,71,94,88,102,82,64,51,88,69,103,52,112,93,80,71,83,65,46,54,82,62,94,85,92,78,64,78,51,106,110,87,96,62,112,72,99,54,72,84,69,103,57,85,83,97,66,89,83,59,87,59,76,86,73,63,68,88,84,81,88,106,52,85,96,75,56,70,82,85,64,82,80,90,90,80,57,72,54,85,68,64,95,102,72,100,61,66,79,108,84,89,64,59,93,78,71,84,99,63,88,82,96,44,93,89,85,85,63,83,61,65,57,66,56,80,91,53,94,89,62,96,45,69,82,87,63,58,72,90,64,101,94,97,109,81,72,99,92,98,85,70,102,84
71,63,68,74,80,79,52,50,92,105,64,105,68,78,108,80,95,41,72,54,72,71,72,82,91,50,97,91,99,66,76,72,75,88,84,57,57,69,78,87,96,79,85,100,73,86,58,89,79,97,99,89,81,104,52,111,97,47,92,81,107,61,67,62,70,71,84,96,54,78,112,97,70,73,78,77,78,91,69,86,77,58,80,80,79,79,84,78,81,80,85,80,89,78,52,80,78,90,66,61,89,93,84,104,84,91,85,84,67,76,65,90,74,76,52,73,49,94,61,62,96,90,71,94,50,70,86,65,80,113,117,90,78,51,67,65,84,91,93,95,87,53,97,82,74,78,80,91,51,62,59,77,54,94,77,81,73,48,104,65,97,70,65,75,102,42,63,61,93,68,63,77,73,105,91,66,97,52,58,115,66,59,69,85,115,110,65,64,77,84,114,76,83,56,55,80,61,96,71,94,102,90,93,109,92,94,77,105,95,38,65,87,60,91,67,87,91,59,91,81,102,82,82,94,51,89,57,82,67,61,80,51,63,88,86,64,94,74,69,105,95,50,73,88,91,72,54,119,68,51,71,86,50,77,97,56,64,104,46,67,112,87,53,85,76,57,48,79,81,117,82,68,67,96,75,94,91,98,84,65,46,86,71,100,58,113,95,77,73,80,70,50,55,80,65,100,90,95,76,70,79,53,111,109,85,100,65,107,69,97,49,72,87,71,100,58,82,79,98,70,93,88,65,87,54,82,87,70,67,67,87,88,79,89,111,50,85,97,78,60,70,85,87,60,77,80,92,86,86,59,75,52,90,69,61,101,98,74,99,59,68,83,107,79,88,69,57,91,81,67,86,104,68,87,77,97,49,93,87,86,84,59,88,63,64,60,72,59,84,95,50,96,88,68,94,41,71,77,84,62,53,70,91,64,98,94,100,113,80,75,101,95,98,84,74,108,88
71,67,68,79,78,83,47,47,91,108,66,110,73,76,110,80,90,45,70,54,78,77,73,83,90,51,92,88,103,68,76,73,77,86,79,62,63,68,79,91,93,80,82,105,69,89,62,88,83,102,98,87,78,109,51,113,97,51,88,77,106,56,64,59,67,68,83,92,51,73,108,102,76,76,77,78,78,89,71,91,73,56,84,81,81,83,88,84,77,75,88,75,84,81,47,79,74,91,65,60,89,97,86,109,80,92,82,79,72,74,65,85,75,81,53,71,49,92,56,60,100,85,71,96,50,76,86,60,79,113,117,95,74,46,70,66,86,88,95,99,88,49,97,79,69,82,76,89,46,68,55,81,53,99,77,83,70,50,104,67,100,72,66,75,108,43,66,64,99,69,65,83,69,106,97,63,95,52,54,114,64,56,70,86,114,108,67,60,80,85,112,79,86,57,57,84,63,96,77,92,101,87,98,105,98,96,77,101,97,41,69,88,59,92,65,88,93,62,87,87,102,84,83,94,49,94,61,85,66,58,79,53,63,93,91,62,94,78,70,102,94,45,70,90,92,73,57,114,67,54,67,84,48,76,92,54,62,105,45,71,115,85,56,86,78,60,46,82,82,112,79,74,71,99,75,96,90,102,90,65,51,92,75,103,61,110,91,78,72,76,75,53,61,84,66,106,91,91,75,76,82,58,109,107,88,99,70,102,65,102,49,76,88,69,104,60,88,82,98,67,97,84,61,89,56,80,89,73,68,71,91,85,80,86,112,55,81,98,79,63,67,90,88,63,75,80,90,85,88,61,76,51,85,70,60,102,102,76,105,62,73,83,110,79,90,66,54,93,76,66,85,105,74,88,80,103,51,88,84,87,90,64,90,64,67,63,67,58,89,98,54,96,92,67,93,46,77,81,81,62,52,72,94,65,100,94,104,119,83,81,99,98,101,87,70,107,91
75,64,71,76,84,89,44,48,97,106,64,109,68,73,106,76,90,47,70,50,83,79,78,85,86,56,90,84,109,65,75,72,74,87,79,65,60,67,81,95,92,79,82,108,73,89,66,92,80,97,102,85,81,105,54,119,97,56,84,82,111,52,64,61,65,66,80,91,49,79,106,98,81,74,80,83,81,85,74,95,70,53,88,77,78,78,94,84,79,70,83,80,82,83,48,81,76,88,68,60,87,101,88,115,83,95,77,82,76,71,69,91,77,84,56,74,52,98,55,56,103,87,71,92,49,76,82,60,84,113,119,95,71,44,72,70,82,89,96,102,91,46,92,76,69,85,82,88,50,73,52,77,51,104,74,81,75,52,109,64,96,74,61,77,112,42,70,63,96,75,66,84,69,109,92,62,100,47,56,118,59,61,75,86,120,108,73,56,76,90,111,84,91,54,54,82,64,92,78,89,96,93,103,109,100,91,79,107,103,39,66,83,62,93,65,94,99,59,85,85,99,89,89,100,54,95,67,82,71,55,78,58,68,92,86,66,92,79,66,103,96,45,74,88,94,77,62,111,65,55,62,81,43,81,94,60,57,108,50,75,110,84,53,82,73,60,41,78,78,113,75,72,75,95,77,97,87,98,93,61,47,98,79,98,56,112,87,82,75,75,71,55,56,84,64,105,90,93,72,74,79,62,109,108,89,103,65,107,67,102,54,72,87,75,102,59,93,77,102,71,100,90,67,85,60,76,85,79,67,71,88,83,78,90,113,57,85,97,82,68,63,96,93,67,77,76,90,86,88,58,78,57,80,69,55,105,101,80,108,67,77,78,108,78,95,64,54,93,79,70,81,103,77,85,75,102,46,90,88,82,87,63,90,60,73,61,68,60,92,99,55,91,94,62,93,50,78,82,80,57,47,76,96,69,95,98,106,121,78,85,96,98,107,83,68,103,87
81,59,70,73,86,87,39,50,101,107,61,109,64,77,111,82,93,49,72,46,87,78,74,90,87,56,94,81,105,62,74,73,72,92,78,64,65,72,78,94,98,84,84,110,71,87,63,92,82,103,105,91,78,100,51,118,103,58,80,77,106,51,59,64,62,61,78,92,53,78,110,93,87,79,75,88,83,86,80,95,73,59,89,83,74,77,97,80,76,75,89,78,77,88,52,85,71,88,70,61,85,100,87,114,84,100,75,78,77,72,65,90,76,79,55,69,52,100,58,61,98,82,72,93,44,79,80,63,86,118,124,98,73,40,70,71,78,95,96,108,93,41,90,73,67,86,77,93,47,76,55,72,47,100,79,79,79,48,111,63,102,79,61,81,115,47,73,65,100,72,69,88,66,112,91,58,102,45,57,124,57,66,75,92,123,109,71,59,77,90,114,87,92,58,52,85,68,91,80,86,102,97,100,108,103,88,75,110,104,35,71,85,62,89,71,99,102,64,90,80,99,87,91,105,56,90,63,85,71,54,76,57,68,98,92,68,88,76,72,102,100,42,70,85,92,75,58,112,63,55,58,78,47,84,89,56,55,108,45,81,106,89,59,77,78,56,36,79,84,119,77,70,75,100,78,103,87,96,92,60,44,99,76,101,51,108,87,83,73,77,66,60,54,87,64,107,86,94,73,73,81,67,109,113,88,98,62,103,70,97,50,75,93,78,107,62,96,82,106,68,105,96,68,88,62,73,87,84,64,76,84,81,82,92,111,59,86,92,88,70,59,99,91,67,74,79,87,92,90,53,83,52,84,64,54,107,107,86,110,73,76,78,108,78,90,70,59,92,81,70,84,109,83,86,72,101,51,91,83,78,82,64,90,63,69,57,70,66,91,96,57,95,99,63,94,51,80,82,77,52,45,72,100,73,101,98,104,126,79,91,91,97,107,82,71,99,82
77,60,74,77,87,82,39,47,101,102,60,115,64,83,111,85,92,52,67,49,92,84,79,96,88,57,92,87,109,61,77,76,78,96,84,62,60,73,75,96,102,79,80,105,67,90,66,97,84,106,111,89,75,98,54,120,109,63,86,82,110,52,55,67,63,63,73,92,51,79,107,88,84,74,74,91,88,81,80,92,73,65,93,81,72,79,103,82,76,75,85,82,77,88,48,84,71,91,74,64,90,104,86,114,88,97,72,74,75,70,71,95,73,77,55,73,49,105,62,64,97,84,69,88,40,85,83,69,91,114,130,94,75,40,71,67,78,95,96,106,90,39,85,73,63,87,78,90,43,72,59,67,48,104,82,79,74,48,106,66,103,79,57,83,113,42,78,60,102,69,73,93,71,117,96,61,102,41,55,122,53,71,71,98,129,104,69,65,79,87,119,84,92,57,57,91,63,90,76,89,98,93,99,111,106,84,76,109,107,33,73,87,60,86,76,98,102,62,86,81,104,91,97,109,52,93,60,82,75,60,72,58,71,99,89,74,93,76,77,107,98,43,71,85,97,81,56,117,66,56,54,83,44,88,90,56,52,107,43,82,105,86,65,77,74,61,35,74,86,125,74,69,79,105,84,108,83,99,90,65,43,94,80,98,49,109,85,89,68,83,64,65,49,87,68,103,91,89,72,77,77,70,108,108,83,99,67,109,67,95,47,80,93,76,110,67,99,79,107,74,104,98,70,89,59,68,85,81,64,80,85,83,80,90,114,57,90,94,89,72,59,97,93,66,78,76,91,96,89,58,80,53,86,59,50,110,105,85,113,78,73,73,113,79,96,67,65,88,81,65,89,104,82,92,71,106,50,96,82,77,81,62,95,68,71,62,72,62,95,94,60,91,99,62,93,56,84,82,80,52,49,74,103,79,104,102,106,131,85,92,86,100,103,85,70,98,86
79,59,71,82,90,86,37,45,105,101,60,113,60,86,111,84,90,57,65,50,89,85,81,95,84,52,87,87,111,62,82,82,76,102,88,66,60,73,72,96,101,83,78,110,72,88,62,100,82,108,106,92,70,103,60,116,104,66,85,81,108,51,52,64,61,58,75,92,51,80,111,88,82,73,74,97,87,80,76,98,71,66,90,87,77,76,108,77,79,80,87,83,78,86,52,82,76,96,75,69,92,99,89,111,93,103,71,69,81,66,67,101,70,75,56,71,50,107,65,68,97,81,66,87,37,87,81,69,96,114,134,92,75,40,69,65,78,94,95,105,90,38,82,78,62,84,74,93,49,74,63,63,45,110,78,76,75,44,106,68,109,78,57,85,111,46,76,57,101,72,72,99,73,113,92,67,107,40,56,118,49,70,75,96,131,104,72,66,85,82,124,84,97,61,56,97,62,95,81,92,98,88,104,116,101,83,71,104,109,33,69,85,65,82,71,102,100,59,89,86,109,93,94,109,53,90,66,81,72,56,71,56,74,99,95,79,92,82,76,105,102,39,73,81,103,86,51,113,63,62,54,82,45,92,93,60,52,111,45,86,106,81,61,79,70,59,31,71,88,127,72,70,80,111,80,114,79,100,93,62,43,98,75,97,45,105,90,86,66,78,64,69,54,83,72,109,95,93,70,75,81,65,107,112,81,105,73,114,62,97,51,80,88,81,106,72,97,81,107,80,108,104,74,90,60,63,87,80,64,79,80,79,85,96,114,55,88,98,86,73,61,93,98,63,79,81,91,93,95,55,79,54,84,65,48,109,107,81,112,84,78,73,112,76,98,68,69,88,76,68,89,106,85,97,76,104,46,99,88,80,87,60,100,68,66,65,76,66,101,93,55,87,99,58,96,51,86,83,77,55,45,70,102,74,102,107,101,135,85,93,84,101,107,87,67,102,90
77,54,66,86,90,86,41,40,106,99,64,118,65,82,113,87,85,57,66,46,94,89,85,95,90,52,91,92,111,58,81,88,76,107,91,62,59,68,72,92,107,88,75,109,71,83,68,98,85,108,101,96,76,103,57,121,103,72,86,79,111,48,48,61,67,61,73,94,47,80,109,83,87,77,79,92,84,81,71,97,77,65,96,86,82,74,109,73,83,83,91,87,75,86,52,84,77,93,73,69,93,95,93,116,91,107,71,64,87,61,65,107,68,80,56,69,54,109,66,71,96,83,62,86,33,86,79,68,102,110,129,87,70,36,70,68,79,91,96,110,92,33,78,74,57,86,79,98,46,77,62,60,46,105,84,72,77,48,107,70,112,76,62,91,115,47,76,62,106,78,67,104,79,113,88,71,112,41,59,117,50,69,74,101,133,108,76,69,89,78,123,84,93,65,60,97,58,94,79,88,96,92,102,120,102,82,71,102,111,34,68,84,68,78,73,101,105,55,90,86,110,92,91,106,52,86,68,82,67,59,69,53,69,101,98,77,94,87,82,106,105,41,76,83,108,86,48,119,65,59,57,85,41,92,97,64,47,114,46,84,105,85,60,76,68,62,26,72,90,127,77,67,84,109,75,118,85,95,95,67,42,94,76,101,43,106,91,91,69,80,65,64,57,78,72,111,96,98,75,78,76,71,103,116,82,111,73,112,60,100,48,79,94,76,101,77,92,81,112,83,110,104,75,89,65,59,83,86,70,78,85,78,84,93,109,50,93,100,83,72,56,89,101,61,82,82,97,95,100,51,85,56,79,66,47,111,102,77,107,86,77,76,108,73,95,65,67,88,81,64,87,101,90,102,71,102,51,101,85,78,91,60,95,67,65,61,77,71,98,95,50,89,104,62,94,52,92,78,81,50,50,71,108,76,105,111,103,131,83,90,87,104,104,88,73,97,93
77,57,71,81,90,85,47,42,104,101,63,123,65,77,108,84,90,57,68,47,98,94,89,100,92,48,95,96,108,62,86,91,81,107,91,66,57,65,70,95,106,91,79,106,74,82,67,93,84,108,96,99,75,98,58,124,106,68,86,85,113,54,50,62,67,67,75,92,49,82,110,83,91,75,77,92,82,85,71,93,76,67,99,87,82,75,115,72,81,86,92,85,79,88,47,81,80,92,69,70,96,99,90,114,89,106,66,68,86,62,71,103,66,79,58,74,54,111,65,75,91,89,67,89,34,92,81,64,100,116,127,93,73,33,65,72,76,86,100,110,88,32,80,71,63,87,84,96,41,74,66,61,48,102,89,72,72,46,107,74,107,80,65,91,110,46,72,66,109,78,73,102,84,111,87,72,112,46,64,116,51,75,72,106,137,104,77,70,85,74,121,88,91,69,56,93,59,99,76,93,93,89,97,118,99,77,67,100,107,34,69,86,70,74,77,96,102,51,88,85,106,89,90,110,55,90,67,87,69,57,68,49,70,106,94,81,90,84,77,101,110,39,72,81,105,90,53,124,66,59,55,84,44,93,102,67,42,109,51,90,109,82,55,73,68,67,21,76,95,122,75,71,80,110,81,124,81,93,94,73,39,98,74,102,41,107,92,90,72,83,70,67,63,80,76,107,102,97,73,75,82,67,106,114,83,115,72,113,58,97,47,85,93,74,96,78,90,81,113,87,106,104,72,89,65,59,82,82,72,74,91,81,83,95,109,45,90,100,89,73,52,95,104,66,77,87,95,97,106,56,81,60,80,67,42,107,108,79,106,87,76,77,105,68,100,60,69,85,87,60,82,100,91,105,69,107,55,102,86,74,97,66,96,73,71,58,80,67,95,94,55,94,110,57,90,53,94,81,80,51,51,73,112,71,110,108,101,137,85,89,91,100,109,86,79,97,97
78,54,67,82,88,83,52,41,104,98,66,126,70,81,110,82,89,57,69,42,94,99,85,95,97,53,93,92,109,62,88,86,77,102,94,68,59,66,73,100,111,94,82,108,80,77,68,95,89,108,92,99,72,96,53,126,104,69,83,86,118,56,52,61,73,67,78,88,55,81,114,85,94,79,81,98,79,83,69,95,80,62,102,82,85,74,116,69,83,85,96,83,81,93,48,84,75,92,70,68,99,97,88,116,89,107,72,69,90,60,76,101,70,78,59,71,56,108,70,74,90,87,72,95,38,92,81,65,103,118,124,98,72,31,62,71,71,90,98,114,92,35,81,70,67,85,90,94,46,72,64,58,45,101,84,77,74,42,109,76,102,83,60,87,115,44,67,65,112,75,72,104,86,115,92,73,118,52,64,117,46,70,75,109,135,105,78,75,85,80,117,91,87,70,53,88,62,101,72,97,95,91,102,121,100,72,67,96,106,33,75,87,73,79,80,93,104,46,91,81,111,86,85,109,52,88,73,91,74,62,67,52,72,111,94,85,94,84,74,99,105,39,74,77,100,96,48,123,70,61,60,84,40,89,105,65,37,105,49,95,106,87,50,71,72,73,24,79,96,128,74,71,84,113,81,128,81,95,92,74,37,99,71,101,42,106,97,94,70,80,74,67,59,80,78,112,104,97,72,71,85,71,109,119,86,115,69,114,63,94,45,83,99,72,100,84,90,87,115,88,104,103,72,89,69,61,83,79,78,70,90,84,86,94,113,46,95,103,94,71,58,91,110,66,78,91,100,99,101,54,84,65,79,68,38,105,107,81,101,93,77,78,101,65,102,62,72,86,89,57,77,96,87,109,70,111,55,98,90,78,92,64,100,73,76,56,80,62,90,94,60,99,108,60,90,57,99,86,83,56,53,74,112,73,110,111,100,142,83,86,92,101,106,82,76,100,102
74,51,66,80,94,82,53,36,103,95,64,130,76,77,115,81,94,57,64,46,93,94,83,97,92,50,95,92,112,60,87,86,72,100,94,65,62,66,76,101,117,98,77,108,77,72,68,90,95,113,94,102,69,91,56,126,110,66,82,83,119,56,55,59,76,62,76,85,57,80,109,81,94,74,78,102,80,82,66,101,82,64,100,88,87,74,117,73,84,87,95,82,86,94,52,81,80,87,65,73,99,102,83,122,93,111,78,68,93,59,76,105,70,77,55,70,59,105,76,73,93,87,71,94,38,90,82,68,108,122,129,102,69,35,62,71,72,93,103,112,98,34,86,68,62,82,95,89,50,68,59,64,42,99,85,82,78,40,107,82,100,83,62,83,121,45,69,69,118,73,69,110,92,112,92,76,121,51,63,117,45,71,73,110,135,102,81,70,89,75,120,92,82,70,59,87,64,103,76,93,91,86,99,116,99,73,69,97,102,29,74,91,68,83,77,96,101,41,94,85,111,87,82,109,47,89,73,88,80,66,70,50,73,112,92,80,96,86,71,103,105,42,72,72,105,95,44,129,66,57,65,89,44,90,105,69,39,100,52,101,107,84,54,67,67,69,28,85,95,128,71,69,79,109,83,132,79,94,90,80,32,104,66,101,44,109,94,97,69,85,77,72,63,83,80,118,107,96,75,75,91,74,104,116,85,118,65,119,63,98,44,84,102,76,100,85,91,93,120,87,110,108,72,88,66,64,82,82,75,71,91,88,82,93,110,48,91,98,98,74,59,88,113,66,80,87,105,102,106,50,85,64,76,70,33,103,107,83,103,90,78,83,98,68,107,65,77,82,88,56,82,96,92,109,71,111,60,101,94,74,94,64,104,78,79,52,80,60,95,98,65,101,110,55,86,55,103,82,83,57,51,71,111,70,107,113,105,145,89,85,96,105,106,81,76,97,104
80,49,68,86,90,87,53,33,105,90,65,136,77,75,111,86,99,58,64,47,94,95,87,103,92,45,93,97,113,65,82,83,72,101,98,70,65,72,82,97,112,100,79,112,74,74,74,87,97,109,100,107,67,97,55,129,106,63,88,84,124,58,58,59,79,63,77,84,61,75,109,83,95,71,75,105,86,81,62,107,82,59,100,85,92,78,123,78,80,92,99,87,81,94,56,83,79,83,68,72,95,104,87,126,95,116,74,64,94,58,80,105,75,77,56,70,64,103,72,71,96,86,73,89,36,94,81,64,112,124,131,105,72,41,59,70,78,95,100,109,97,33,82,63,62,87,91,93,46,73,60,64,41,101,82,85,84,38,109,82,102,89,66,86,118,41,68,70,119,70,73,110,91,117,93,80,118,52,62,121,46,75,76,106,133,101,84,69,84,74,119,90,79,65,64,84,60,106,80,90,92,83,104,115,104,71,72,101,107,28,75,88,70,81,78,98,103,37,90,86,110,90,86,115,44,95,71,86,86,67,76,45,71,115,87,75,93,87,74,99,111,37,72,72,106,99,44,131,62,55,70,86,41,91,109,74,35,101,58,97,105,88,50,63,72,69,32,91,97,123,76,71,85,109,80,137,78,94,93,78,32,107,70,107,39,108,94,95,70,82,79,74,65,86,76,119,113,94,72,74,95,76,103,117,84,117,60,119,64,97,40,86,98,80,101,86,95,95,117,87,109,111,72,90,64,66,84,77,75,67,94,85,81,92,108,43,95,94,93,76,60,84,108,68,76,93,108,101,106,52,90,60,76,72,29,103,103,83,108,93,83,82,99,73,108,64,75,81,88,51,77,94,95,114,67,114,61,97,98,76,93,64,103,81,80,56,83,55,90,104,66,97,112,58,85,57,105,80,81,60,52,68,116,66,104,111,104,149,88,90,93,105,101,86,77,97,104
78,55,64,82,86,86,49,36,101,88,63,142,83,74,115,84,100,63,61,46,92,95,87,102,95,47,94,95,115,71,85,80,76,99,102,65,61,67,87,94,112,96,78,114,80,71,74,91,93,112,97,106,65,96,56,133,107,64,91,87,123,63,56,61,78,58,79,79,61,71,114,79,99,73,81,106,86,80,58,102,88,65,97,89,94,81,125,76,79,92,98,90,77,90,51,85,78,88,71,78,93,107,93,130,93,114,76,63,100,57,86,103,76,78,53,72,70,104,70,68,98,86,73,95,36,96,77,61,107,119,132,107,69,43,64,75,75,100,105,107,92,29,77,58,65,90,90,98,45,74,63,68,45,106,82,91,86,41,104,85,101,85,64,90,124,42,74,65,123,66,78,112,94,118,92,79,114,47,64,120,43,76,73,106,133,97,85,65,88,80,123,92,80,65,63,87,55,110,75,91,91,81,99,118,105,71,74,99,107,33,79,91,68,83,82,102,101,32,88,83,111,90,87,114,42,100,69,86,91,67,80,41,68,119,82,72,92,85,73,96,107,32,78,68,107,97,45,134,65,56,70,83,36,91,115,77,33,100,59,97,107,90,50,61,77,72,30,90,103,119,78,75,91,105,83,141,77,92,92,80,32,113,74,108,36,103,98,93,65,77,76,75,61,83,80,122,118,93,74,71,95,81,101,115,87,120,65,116,64,101,38,88,99,84,102,85,92,94,118,85,115,114,70,87,70,65,83,73,73,69,98,83,77,98,108,44,91,98,95,71,65,85,103,70,78,92,103,98,109,51,96,57,72,69,27,107,109,82,108,90,89,84,98,68,112,67,73,79,89,50,72,97,100,115,73,113,64,93,98,74,92,66,109,86,85,57,80,53,86,101,69,98,110,54,89,57,106,76,76,57,58,70,120,64,108,108,100,154,83,89,96,107,97,81,80,95,109
82,61,64,87,87,92,44,35,98,83,58,137,85,70,118,85,97,66,67,47,92,96,88,102,101,53,93,101,117,70,91,84,78,95,97,71,56,67,90,92,118,101,74,109,81,72,72,89,89,117,99,112,69,92,61,130,104,66,86,83,121,62,51,57,77,55,82,77,63,67,118,81,105,75,87,109,83,80,59,108,93,67,95,93,91,81,127,80,75,94,97,91,83,91,55,91,78,94,77,80,94,111,92,130,92,114,73,63,103,61,86,100,82,76,55,77,75,110,71,67,96,91,76,101,36,100,78,57,102,121,135,102,75,40,60,78,79,97,105,112,93,24,83,61,61,92,96,96,51,74,67,73,44,102,80,89,85,37,104,83,104,83,60,90,124,38,75,64,125,67,77,113,92,115,89,80,114,44,60,125,42,82,78,107,134,99,86,64,89,83,128,98,77,70,69,83,52,109,79,87,97,79,102,123,103,74,70,99,105,37,76,97,72,81,84,97,101,37,83,80,116,90,85,111,38,104,66,90,96,62,75,37,68,119,79,71,89,85,73,98,108,29,74,66,112,95,43,130,70,52,66,85,36,88,119,77,39,105,65,103,104,94,56,64,78,77,33,94,103,121,77,74,89,107,85,139,81,87,91,75,32,108,75,111,38,104,104,99,64,82,79,76,57,86,80,126,114,91,76,69,100,82,103,110,93,120,64,120,66,96,35,87,98,86,102,88,90,98,114,81,115,119,67,91,67,61,85,75,72,73,95,84,79,96,106,40,92,98,95,73,71,85,105,70,79,97,103,101,104,54,91,55,69,70,32,113,111,84,107,90,86,86,94,64,108,70,68,77,95,51,70,95,105,117,72,109,70,96,100,75,93,71,114,82,83,61,85,53,82,101,68,102,114,55,92,53,106,79,77,57,54,68,115,68,112,104,101,150,79,90,100,106,102,80,81,93,113
88,59,60,90,87,92,46,32,93,87,61,136,85,75,121,87,93,65,67,52,96,100,91,102,105,56,88,98,120,73,92,83,81,93,102,76,52,62,96,98,122,97,69,104,85,74,77,84,93,118,97,115,65,90,63,133,109,69,88,89,122,58,54,63,82,60,81,72,68,64,121,77,102,79,83,109,87,83,65,108,99,71,96,93,97,79,132,76,70,96,100,90,84,89,60,97,84,94,79,84,94,114,95,130,87,113,74,68,100,59,82,96,82,82,59,77,77,116,75,70,95,92,80,98,38,106,77,54,102,118,141,100,72,46,57,73,82,94,111,118,91,22,85,66,58,92,101,99,51,69,71,77,44,102,78,88,88,42,105,80,108,83,59,87,119,37,80,68,131,63,76,114,89,121,93,78,115,40,59,121,40,83,77,111,138,105,81,60,90,85,129,96,76,67,74,89,57,108,78,83,94,84,106,122,104,74,76,105,103,37,75,94,68,79,85,101,105,36,83,80,122,85,91,114,35,103,64,85,94,60,78,36,68,118,78,77,91,80,79,100,105,31,72,61,117,96,48,135,66,47,68,83,33,85,120,76,41,106,62,105,106,100,62,67,82,76,37,93,104,127,81,77,91,108,82,142,77,93,91,77,30,112,70,116,43,105,109,94,67,88,83,82,62,86,76,131,118,96,76,74,105,83,98,108,88,117,67,117,71,97,30,91,102,88,103,88,95,103,116,77,116,118,71,89,73,62,85,80,73,69,100,89,82,100,111,35,98,99,100,79,69,80,102,69,82,95,106,97,99,50,90,61,74,73,27,118,111,79,112,89,90,81,96,62,112,70,66,74,99,53,71,100,100,120,73,111,72,94,101,71,99,75,115,77,85,64,88,54,88,96,63,103,116,57,94,51,112,82,74,55,54,63,117,64,110,107,101,148,75,85,106,108,107,78,82,92,115
89,61,58,85,93,98,48,36,98,90,58,135,89,78,125,83,98,64,70,58,97,104,88,104,110,62,93,102,120,78,91,89,87,93,102,73,56,62,95,93,121,96,74,107,80,69,77,83,95,123,103,120,71,92,67,129,104,71,94,89,123,53,60,67,86,56,86,68,67,65,119,79,98,80,89,113,87,78,61,109,105,66,94,95,100,84,130,75,68,96,96,93,81,95,61,100,79,89,78,89,93,115,90,136,87,116,80,73,106,64,86,100,87,77,55,73,78,114,79,67,96,96,75,96,43,101,81,50,100,120,144,101,74,42,54,69,87,90,113,115,89,26,89,71,62,91,96,96,53,67,71,83,46,108,78,92,91,41,109,79,103,80,55,90,117,39,84,70,135,61,76,109,95,118,96,75,111,39,57,116,37,80,81,115,137,106,82,66,86,91,128,96,80,68,72,86,55,107,74,89,96,88,107,125,100,79,78,104,109,38,70,91,68,76,91,104,100,31,84,76,122,87,96,114,36,108,63,88,97,64,74,40,73,114,80,81,95,80,81,101,106,30,69,66,114,94,49,135,70,45,69,88,32,91,117,77,46,112,57,100,107,96,58,63,87,82,41,95,108,123,78,73,90,105,77,145,75,93,86,72,26,109,74,115,45,109,114,91,69,86,84,78,60,89,71,133,117,97,71,75,103,82,97,106,85,123,69,120,72,95,35,95,103,89,100,94,95,102,121,73,114,120,68,87,76,64,83,79,71,72,102,93,82,98,108,33,99,94,103,85,72,83,102,66,86,96,102,93,102,48,87,67,76,78,29,118,106,83,108,88,85,79,97,66,117,73,67,75,99,50,74,100,99,116,70,106,76,91,98,72,102,71,121,82,83,60,90,54,91,96,58,99,120,56,94,56,117,83,73,50,51,62,120,63,108,103,107,143,72,83,109,108,106,74,86,97,112
92,67,57,90,91,94,53,33,100,86,54,131,90,73,124,85,103,66,69,60,95,107,91,100,110,63,94,99,119,82,90,88,92,94,103,72,54,64,92,91,122,94,75,112,82,64,79,80,97,124,104,125,67,98,67,135,104,74,99,91,128,52,62,63,84,62,89,69,66,62,115,81,102,79,95,114,93,73,67,105,108,68,95,90,99,80,135,73,70,100,100,90,83,97,58,102,84,92,74,93,93,111,93,132,83,121,76,71,107,67,87,101,83,81,57,72,83,117,83,65,91,93,77,98,40,100,79,56,104,115,145,105,73,41,52,65,86,92,119,117,94,23,85,75,61,92,96,93,57,70,67,81,43,114,84,96,97,37,112,75,109,82,56,90,123,37,83,65,135,59,72,106,97,113,100,78,106,43,58,115,35,84,81,120,138,101,86,67,81,94,130,96,81,65,74,81,57,111,74,90,97,90,108,121,101,82,77,109,109,38,73,92,72,80,93,102,98,29,81,74,125,84,97,120,41,104,61,92,98,61,75,42,76,120,78,87,101,75,80,105,112,27,64,63,117,95,46,140,67,51,66,84,28,91,117,76,48,109,55,100,110,100,56,68,90,78,40,96,104,125,79,77,88,103,75,143,80,98,88,78,22,109,72,118,41,105,117,93,65,86,84,81,62,87,71,129,119,101,75,74,98,79,100,103,82,121,74,121,67,101,35,96,101,87,102,100,93,105,121,79,110,119,70,90,81,66,89,76,69,78,106,90,87,96,112,34,103,92,103,83,73,84,107,63,83,93,102,91,103,44,89,62,71,82,28,122,110,89,108,87,86,77,100,62,114,71,63,80,99,48,71,99,105,120,76,108,71,89,101,68,108,77,124,78,85,61,94,52,87,94,58,100,116,62,93,61,116,86,73,46,47,61,119,65,112,104,104,141,74,78,107,111,106,70,89,101,111
96,63,61,91,93,89,55,39,95,84,60,129,86,74,125,85,108,72,65,64,96,112,88,96,114,62,100,101,122,78,91,89,95,97,108,75,60,67,93,90,125,92,77,117,88,59,83,79,102,128,110,121,71,97,70,134,107,74,98,87,127,56,67,59,82,67,94,67,61,61,115,80,100,84,95,109,95,77,71,102,104,64,95,87,96,76,132,75,75,102,103,93,81,95,59,107,90,92,71,95,93,110,88,129,89,125,82,73,102,73,88,104,79,77,57,68,81,118,85,70,87,90,76,103,36,103,76,57,100,121,140,111,77,45,58,71,84,93,115,113,91,23,84,72,62,87,101,99,59,69,66,85,46,114,87,94,94,33,112,79,113,86,58,85,128,40,78,64,139,55,69,108,100,118,102,81,110,38,57,118,32,80,82,124,140,104,85,68,77,90,127,95,87,60,75,84,53,110,77,86,97,91,113,124,107,81,77,108,111,43,68,91,71,86,88,105,102,26,87,75,130,84,98,120,36,110,57,91,98,57,74,48,78,115,80,89,103,76,76,106,112,27,63,67,115,92,49,144,67,53,62,83,30,87,122,76,45,114,53,106,106,100,55,68,96,84,42,98,101,126,82,77,88,99,76,145,82,96,85,84,22,111,75,115,47,103,119,90,64,91,83,77,67,86,74,127,122,100,78,72,103,81,100,103,80,122,79,127,66,99,33,98,99,88,103,105,99,108,126,84,112,117,69,93,82,66,88,81,64,79,109,96,90,101,109,34,101,98,99,81,76,83,106,63,86,88,102,97,102,50,93,61,66,84,28,117,107,88,113,87,81,74,105,60,111,77,68,82,103,45,71,99,101,115,78,109,72,88,96,71,104,82,130,75,91,60,91,48,90,89,53,95,118,66,93,65,111,82,70,44,43,62,117,61,117,109,107,139,79,84,102,107,106,73,87,106,107
97,58,58,89,93,90,59,38,92,79,61,127,91,72,120,87,108,68,60,59,94,117,86,98,116,61,96,102,123,75,93,93,98,98,111,81,60,65,89,89,120,88,81,118,93,54,85,83,100,130,107,119,75,100,72,132,109,80,100,82,129,56,73,58,77,72,96,62,61,66,117,78,106,80,96,111,100,80,67,104,104,59,101,85,94,76,135,80,70,104,98,94,87,95,58,108,95,98,76,94,91,109,90,132,91,127,84,74,101,70,94,99,82,75,56,65,81,119,87,70,85,95,76,103,40,106,76,52,96,123,140,107,80,48,64,66,83,90,110,111,86,29,87,77,63,91,107,97,58,73,61,90,41,109,84,98,94,34,108,75,118,87,53,89,130,39,75,62,136,56,71,112,97,119,104,81,107,34,60,120,34,82,82,129,145,101,85,70,81,88,124,101,86,63,72,83,52,114,79,90,99,96,118,127,112,80,74,103,108,40,68,88,72,92,84,107,97,24,91,72,127,84,97,116,35,113,57,91,95,56,74,52,81,121,83,93,106,71,78,110,108,32,61,69,118,95,52,148,62,49,63,79,35,93,125,80,40,118,55,104,102,101,55,74,101,86,47,99,103,122,87,81,91,95,81,140,78,100,82,80,17,110,78,119,50,109,123,92,59,96,79,77,67,85,77,123,125,104,77,67,108,87,101,106,77,125,82,132,61,100,31,93,103,84,101,108,95,113,130,88,111,112,64,93,79,65,90,85,60,81,110,101,89,100,107,32,100,98,103,80,78,80,112,66,84,87,108,97,100,47,89,67,69,87,31,114,103,93,116,82,80,70,104,62,109,75,69,87,100,48,71,99,104,114,74,106,67,90,98,66,102,79,128,81,93,57,91,47,87,92,50,93,117,69,88,64,111,86,74,48,48,61,113,64,113,111,112,135,81,81,104,110,107,79,90,101,105
103,54,61,92,89,86,56,42,94,81,66,133,90,78,125,89,104,68,60,60,90,122,88,97,118,63,96,105,118,81,90,93,94,98,112,80,56,64,90,89,124,84,85,117,97,49,87,89,102,132,109,117,71,95,69,132,104,80,106,80,131,53,68,55,74,72,97,61,64,70,115,83,101,75,95,108,103,77,71,108,104,57,98,81,90,81,139,75,65,100,99,93,84,95,61,111,101,103,77,97,89,108,93,129,95,131,86,74,105,69,92,101,79,74,55,63,84,121,85,72,84,93,79,106,42,101,76,54,91,123,135,108,80,54,65,65,80,96,114,115,82,33,85,80,62,97,113,102,62,72,63,87,41,107,88,102,97,33,109,75,116,90,48,86,128,45,70,61,131,51,73,111,98,122,108,81,102,29,57,122,29,80,78,132,151,105,86,69,80,89,130,96,82,63,69,85,52,117,84,92,100,97,124,124,115,79,74,106,104,44,74,92,77,87,82,113,103,29,92,70,122,87,93,120,41,111,62,96,92,57,74,47,87,118,78,99,104,77,80,109,113,31,60,69,116,99,53,152,68,52,62,76,30,94,121,78,40,117,51,101,104,98,50,72,101,84,51,105,104,120,91,77,94,98,76,144,82,96,86,82,14,113,84,122,52,108,124,91,57,91,78,82,62,89,81,124,125,101,76,67,103,85,103,109,72,127,77,137,58,101,29,96,106,86,103,103,95,108,132,84,107,109,61,98,78,60,91,91,57,84,114,107,91,95,112,33,106,98,105,79,75,82,112,70,85,92,113,96,105,42,91,68,70,88,34,119,103,96,111,82,79,67,108,61,107,76,72,93,98,50,70,104,110,115,69,103,68,87,104,63,99,85,128,81,89,59,91,49,86,95,48,99,119,64,89,60,107,82,76,48,51,65,108,60,111,106,117,140,76,85,99,116,102,76,86,106,102
105,58,61,93,92,82,57,47,95,83,69,133,86,76,131,89,106,65,65,59,92,126,93,99,113,63,94,108,120,82,89,88,99,102,118,80,57,67,86,85,130,88,89,120,103,45,92,90,100,133,111,119,70,99,73,127,104,81,112,85,135,53,72,52,78,75,96,59,67,76,119,80,104,80,95,114,99,80,74,103,104,61,103,82,88,78,144,79,61,106,102,99,80,97,58,116,96,104,72,95,89,106,91,133,90,129,83,77,110,71,97,105,85,69,58,66,87,120,90,67,81,99,81,110,43,107,82,60,91,125,135,103,79,54,60,64,79,95,118,116,88,38,81,75,61,99,109,98,68,72,58,90,38,111,86,102,94,29,104,76,112,91,50,86,127,44,69,66,129,50,74,106,103,128,103,85,99,31,62,128,34,85,74,137,157,102,90,69,81,93,133,91,88,61,64,83,53,122,82,94,96,97,121,129,110,76,78,103,100,42,78,95,83,90,87,108,98,32,92,73,125,82,90,117,44,116,61,99,95,62,74,43,89,114,74,102,110,81,84,115,112,29,60,73,118,101,52,156,66,56,57,73,30,99,121,78,37,123,49,98,109,102,50,69,96,84,55,105,108,117,92,83,92,94,78,143,86,99,86,82,13,116,85,125,57,105,126,92,58,86,73,82,62,88,83,130,122,105,80,66,107,90,99,105,69,129,77,137,58,105,24,101,103,88,99,109,101,104,128,79,106,106,64,104,84,60,95,87,60,81,113,113,88,101,109,30,110,103,102,75,75,87,118,70,91,98,116,91,111,47,92,65,72,84,39,125,101,92,115,80,81,69,105,65,113,80,74,92,95,52,70,105,116,115,67,105,65,82,99,60,102,81,132,84,92,61,95,54,86,95,53,96,120,60,91,63,104,80,71,46,57,67,110,65,115,111,123,144,80,88,95,122,102,78,91,107,105
108,55,62,90,96,81,60,52,99,78,66,133,84,77,126,85,110,65,61,61,96,132,94,105,116,65,96,106,125,86,87,91,103,99,122,78,56,64,84,81,136,87,90,121,101,44,88,96,103,132,108,122,71,105,79,128,106,81,115,90,141,52,71,48,76,74,96,57,63,76,122,80,103,75,94,112,103,77,69,105,108,56,109,87,86,76,140,80,65,111,106,104,75,95,62,118,92,106,76,99,89,111,91,137,96,124,89,73,107,73,97,103,81,69,56,70,89,116,88,70,85,102,86,113,46,110,86,62,96,121,141,102,75,59,55,70,77,93,120,122,90,41,76,81,60,103,115,96,66,68,62,86,36,115,89,104,91,32,110,82,113,95,54,85,123,42,69,61,129,47,74,107,108,125,109,90,94,33,62,132,36,84,79,140,156,101,87,74,76,88,131,89,85,62,64,86,57,118,85,94,91,99,123,133,113,72,74,101,103,39,84,96,79,88,87,114,102,36,96,78,128,83,93,120,40,116,62,105,94,64,78,48,92,111,72,103,115,82,80,117,117,31,59,74,116,101,50,158,69,59,54,79,32,99,120,75,39,121,49,96,114,97,53,69,101,80,57,108,111,123,89,82,94,96,73,140,89,97,86,82,11,121,84,129,53,103,128,93,64,87,71,79,60,92,85,136,123,103,86,69,111,92,99,101,65,125,76,138,64,101,19,100,102,83,103,104,99,105,124,85,106,106,63,103,84,61,99,91,57,79,114,117,88,103,106,34,106,104,98,77,75,85,116,67,93,98,113,89,115,44,92,68,73,86,38,128,106,90,118,77,77,74,100,64,117,75,70,90,98,52,74,101,119,119,71,105,71,87,105,64,106,79,135,84,93,61,98,52,85,95,52,91,117,64,97,64,101,81,74,44,60,65,113,64,120,107,128,143,86,83,92,128,107,74,92,107,109
109,58,65,94,102,81,63,51,101,82,65,130,90,79,123,91,116,66,57,67,93,136,90,105,116,62,92,109,131,83,83,87,99,105,121,80,59,63,81,83,139,93,88,117,101,39,85,101,109,136,103,118,77,108,81,130,110,86,112,95,146,57,75,48,82,78,99,58,60,72,121,82,101,72,100,111,98,83,64,108,113,60,107,92,85,72,136,80,71,115,103,104,77,97,68,113,98,101,81,103,95,115,90,132,97,123,85,72,108,74,101,99,77,67,52,68,89,122,93,71,87,106,81,113,42,109,92,60,98,126,145,107,70,59,57,70,75,97,121,127,90,41,75,78,60,107,121,94,72,74,61,92,42,120,93,100,95,27,115,77,109,98,51,81,124,42,64,59,129,44,77,111,106,126,110,90,91,30,68,138,34,85,81,136,159,105,93,72,82,90,135,89,87,62,63,85,58,115,80,89,89,104,122,129,114,73,80,107,102,44,90,93,75,92,84,113,107,31,100,83,134,83,98,118,39,111,67,111,92,60,77,51,89,108,76,105,121,79,76,114,119,28,64,70,112,106,55,156,65,60,51,82,28,97,118,70,45,118,47,93,109,97,48,66,100,80,63,114,114,126,93,80,99,91,69,140,92,94,89,81,7,118,86,134,54,98,127,89,70,84,72,80,59,96,80,137,124,99,91,72,116,95,96,104,67,121,77,133,63,99,22,106,104,79,106,103,99,109,124,88,103,108,64,104,84,56,95,94,52,81,116,114,88,102,105,34,103,110,94,77,73,86,118,68,98,99,110,88,115,42,94,67,78,91,34,125,102,85,116,78,76,73,104,68,113,73,75,93,103,48,78,100,114,125,70,105,70,87,108,67,111,84,130,79,99,58,98,55,84,97,55,94,119,63,99,68,100,77,72,41,58,68,115,65,124,106,132,148,92,87,96,132,113,78,89,112,111
106,54,64,95,105,82,59,50,96,85,60,125,88,77,124,95,111,67,63,68,93,141,90,111,114,67,90,109,135,81,88,91,101,104,121,80,56,58,76,80,143,88,86,112,107,39,85,105,108,134,108,115,74,112,81,136,106,82,110,91,148,57,77,50,82,84,98,62,66,74,119,87,103,70,97,112,100,84,65,106,119,62,106,97,91,68,139,76,76,117,99,104,82,100,68,110,97,100,78,106,96,114,86,133,97,121,87,77,114,75,101,94,79,73,53,69,89,122,94,71,93,102,77,119,44,111,92,62,100,129,142,112,68,60,60,74,74,92,123,133,93,44,77,78,63,108,118,98,76,72,62,95,38,124,94,100,98,26,113,82,111,93,51,81,123,47,63,63,135,43,77,110,107,132,105,89,87,29,73,139,39,85,82,140,164,101,99,75,86,87,131,85,87,63,69,80,64,119,82,93,85,101,128,126,111,78,84,108,106,43,85,93,76,92,88,116,111,37,101,87,140,81,103,119,34,110,64,115,89,61,76,55,92,104,72,101,120,78,73,112,116,31,69,68,118,103,57,152,64,61,57,88,24,96,116,73,41,123,50,96,108,93,49,69,99,81,63,118,113,124,91,84,101,90,75,145,94,98,92,83,2,114,83,133,56,97,131,84,73,87,73,86,54,98,79,137,123,103,97,72,119,91,102,109,72,125,81,128,59,103,26,104,107,82,108,109,101,110,123,92,102,107,69,110,90,61,97,93,53,79,118,114,85,105,101,40,100,107,94,76,69,88,115,69,102,104,109,85,117,44,96,67,82,91,40,128,103,84,111,77,76,72,100,72,112,71,76,88,101,44,73,100,114,124,76,108,73,84,107,68,106,80,133,80,104,61,102,56,79,94,56,94,116,61,96,72,99,77,75,47,62,71,121,69,119,109,137,153,88,83,92,131,112,80,90,117,107
104,49,64,98,108,79,64,55,92,89,65,127,86,79,130,96,110,67,68,66,92,145,92,111,116,73,85,115,130,80,93,93,103,110,122,77,58,59,75,82,141,88,82,111,111,44,84,102,109,132,105,113,69,110,81,140,105,83,105,94,143,60,82,48,83,82,103,63,64,77,122,92,104,75,94,108,99,81,67,107,125,57,106,92,90,74,136,76,73,118,104,108,77,96,68,115,103,100,81,105,96,116,92,130,102,116,91,78,113,80,104,96,75,69,55,67,84,124,96,75,97,97,78,123,46,115,98,65,106,132,138,118,73,64,62,74,76,95,122,129,95,48,76,83,62,103,114,96,75,69,66,98,36,120,97,99,103,32,114,85,106,98,57,78,118,42,61,63,136,43,79,107,103,138,105,87,89,28,74,137,41,84,79,145,159,98,97,77,84,93,136,86,92,58,69,81,63,116,84,90,81,104,132,121,112,83,86,107,107,46,80,99,78,89,90,112,106,33,99,87,142,79,98,117,30,105,63,115,88,62,81,54,94,107,75,97,116,81,76,115,115,27,71,68,124,104,63,149,63,66,54,87,30,93,111,69,43,128,45,91,113,88,45,75,95,83,67,123,112,120,86,86,97,96,80,150,92,100,87,85,3,111,84,133,62,93,136,88,79,87,76,82,53,93,84,135,129,106,93,71,119,93,107,107,74,126,81,132,61,98,32,105,107,82,106,104,98,116,124,87,102,108,67,114,91,64,98,91,51,84,119,115,82,107,105,36,106,104,89,75,65,94,118,68,106,107,115,81,115,43,98,68,82,96,41,132,104,79,111,73,80,67,99,71,118,68,72,86,100,46,71,98,111,120,72,109,68,81,108,68,101,84,129,75,104,61,103,58,78,94,61,98,116,56,92,71,96,79,78,53,60,72,123,69,118,106,138,158,93,88,95,127,118,76,86,114,103
104,44,60,96,107,83,59,50,89,94,70,125,86,81,131,96,112,67,67,67,97,150,97,117,120,69,84,121,129,85,88,97,108,109,122,78,55,54,75,80,137,93,81,110,108,44,85,104,108,131,100,111,73,113,83,136,102,85,111,94,138,61,78,44,83,84,107,63,65,82,122,97,101,76,100,103,103,87,64,107,123,60,104,92,95,78,134,78,78,117,100,110,74,99,66,110,103,97,77,103,94,112,88,127,97,112,88,77,109,81,109,96,76,70,57,73,80,124,92,80,103,102,77,123,42,112,103,66,102,129,136,119,76,68,64,69,80,101,125,124,93,44,77,80,63,108,110,93,77,71,72,101,37,122,96,102,100,34,113,81,104,95,58,84,124,43,63,58,134,45,76,104,106,142,103,90,91,23,73,134,47,79,85,150,154,101,101,80,82,93,133,89,94,61,67,83,64,117,79,96,79,104,133,119,118,82,85,103,108,46,82,95,82,94,85,117,109,36,101,89,144,77,97,115,30,110,66,110,93,63,79,53,98,103,73,103,117,76,82,116,116,26,67,64,119,102,63,152,58,69,60,91,34,91,106,73,41,126,46,88,116,86,40,80,98,88,67,119,111,118,86,86,102,91,86,150,92,100,82,82,7,114,83,128,62,91,135,90,76,92,76,86,56,88,79,134,129,101,94,73,116,95,105,113,69,124,81,133,59,94,36,109,107,88,102,99,95,113,119,93,99,107,66,110,90,70,93,86,55,88,114,116,77,113,105,40,106,104,90,75,67,94,121,68,106,111,115,79,112,39,93,68,86,92,40,133,109,80,113,76,78,66,97,75,116,64,73,92,103,50,69,104,111,122,69,115,73,77,103,67,104,84,129,73,107,67,105,62,77,93,66,93,122,57,90,74,96,74,84,49,55,78,129,75,117,107,141,162,96,89,92,125,123,71,92,111,100
104,40,57,94,107,80,58,54,93,94,71,130,90,84,134,97,113,66,65,69,98,155,92,112,115,68,82,126,129,83,89,103,104,106,123,73,52,49,70,84,135,94,86,114,105,48,88,108,112,131,96,117,77,117,83,132,106,83,113,96,143,61,73,39,82,81,105,59,71,88,120,95,100,75,96,107,109,86,67,112,121,64,106,87,94,77,129,81,81,115,100,110,69,103,72,111,103,103,72,108,100,107,92,122,99,109,94,80,105,86,114,91,81,71,59,69,81,121,95,79,105,98,74,129,40,114,100,64,107,130,131,116,78,65,69,65,82,105,131,122,90,49,82,79,66,103,111,98,78,67,72,99,43,125,99,101,97,33,115,79,100,100,62,80,126,49,68,60,135,51,74,103,106,147,107,95,87,26,68,134,46,81,80,153,157,105,102,85,88,99,130,84,99,61,68,86,60,121,84,100,74,108,139,125,119,79,87,108,103,50,86,92,77,100,80,122,104,35,103,85,147,74,97,113,30,111,69,111,92,67,85,55,93,109,79,102,112,76,82,119,122,30,62,67,117,108,62,150,64,64,60,89,31,86,110,70,38,132,45,86,119,90,45,78,99,89,66,118,106,121,85,86,97,87,83,148,90,101,87,81,4,119,78,125,61,89,140,96,82,93,75,88,53,88,77,134,135,100,97,79,113,99,110,110,65,125,87,139,65,95,39,110,108,86,99,102,92,118,114,93,98,109,61,115,93,72,99,92,51,84,115,117,79,110,109,40,102,103,93,81,68,93,123,71,108,111,119,79,118,43,95,71,88,90,45,130,114,83,117,75,80,70,98,78,121,59,70,88,102,53,75,109,110,126,73,120,70,80,106,72,102,85,135,73,108,68,110,60,83,92,72,96,123,59,87,72,99,77,82,47,55,82,135,81,113,103,137,164,91,94,89,120,127,74,98,114,106
106,40,56,99,102,80,64,55,93,90,72,129,91,89,138,97,111,71,70,70,101,161,97,109,119,65,84,124,131,81,87,106,109,105,120,77,47,52,67,90,131,95,88,116,101,43,94,105,108,126,95,123,82,122,87,131,112,87,109,101,146,66,68,45,81,86,103,64,74,94,126,92,97,81,91,113,115,92,65,110,123,60,107,93,89,75,126,80,78,114,103,115,72,109,71,112,107,107,71,113,106,107,96,120,102,113,90,83,107,88,117,87,78,77,63,75,86,120,96,83,105,93,78,135,39,115,105,63,113,136,133,111,77,68,73,65,83,102,137,123,89,46,77,78,68,101,117,95,77,68,77,104,41,126,102,96,99,35,114,85,102,102,66,86,130,50,67,64,130,52,79,98,103,145,107,95,92,29,71,130,50,86,79,154,154,106,103,91,88,97,132,81,98,65,69,86,62,117,88,104,78,108,138,125,124,84,92,110,106,50,84,88,75,96,83,124,101,36,104,83,152,77,94,119,28,113,74,107,98,68,83,51,96,109,85,103,118,73,82,125,121,28,57,66,113,110,63,150,61,68,62,90,31,85,106,68,41,128,42,90,121,92,40,74,94,93,67,116,109,117,83,85,103,91,83,146,91,98,88,83,7,120,84,128,65,88,141,99,83,92,78,89,48,90,83,130,138,106,101,85,117,99,113,107,64,130,86,134,61,91,38,105,114,89,104,108,91,115,115,89,104,114,64,112,88,67,105,93,49,84,120,115,76,111,109,38,99,105,94,85,64,91,121,75,106,114,117,75,120,40,100,74,92,91,51,133,112,79,122,70,86,73,100,80,117,58,74,83,106,57,72,115,112,128,73,117,66,86,101,75,100,80,136,68,114,72,110,57,87,93,69,92,121,64,84,76,94,80,82,45,52,77,140,82,108,105,137,159,91,98,84,125,130,80,96,117,110
108,45,55,96,99,75,65,58,99,90,76,127,97,88,138,97,112,69,67,74,102,159,96,105,115,64,87,119,128,79,92,108,105,107,122,80,53,56,70,91,135,92,85,117,106,45,95,106,105,123,98,126,78,117,82,134,111,86,104,100,152,66,72,42,87,89,100,69,77,92,123,96,103,81,93,110,117,91,60,107,124,66,113,99,87,72,128,78,82,112,103,111,69,104,73,118,112,112,71,112,106,112,96,120,100,108,96,78,103,90,121,87,76,75,67,70,91,115,97,86,108,97,73,139,42,114,102,59,114,131,138,114,77,73,72,60,86,97,137,127,85,43,82,77,74,97,115,90,81,66,83,107,40,129,102,94,100,30,110,88,103,104,67,82,127,52,64,63,133,54,75,102,108,145,113,91,88,25,76,136,51,84,84,149,151,111,99,95,84,95,138,85,97,67,73,89,68,120,92,110,75,114,133,128,123,90,90,111,105,49,85,83,71,96,89,129,102,42,105,88,154,74,92,115,26,119,70,111,95,72,83,54,96,106,87,109,120,77,80,122,117,31,57,70,110,106,68,151,58,72,68,96,35,86,107,71,47,134,42,88,120,97,37,69,90,93,67,120,112,113,83,85,103,95,78,146,94,104,90,85,9,120,90,134,65,87,141,95,84,93,80,84,54,87,87,132,136,112,101,87,115,100,111,108,68,136,84,139,60,89,41,108,110,95,102,105,95,115,110,95,100,109,65,112,92,69,107,98,45,85,115,121,73,111,109,38,103,102,99,88,69,89,119,78,104,114,116,70,122,40,97,72,94,94,46,134,112,83,125,75,89,68,105,82,114,60,72,83,102,56,67,120,115,134,78,123,67,90,100,74,97,77,136,72,112,68,113,61,91,88,66,88,120,68,80,73,100,83,79,45,49,78,141,88,110,107,132,157,88,99,85,125,131,76,96,117,116
113,47,58,93,102,78,65,58,98,88,78,127,99,86,140,99,114,72,72,79,98,155,98,105,117,66,91,118,128,77,98,105,108,102,119,76,51,59,65,96,140,91,89,117,107,50,100,102,106,125,97,128,80,123,80,140,107,85,110,103,154,66,76,43,89,90,103,72,80,95,120,93,107,80,92,108,119,96,57,110,120,62,116,99,87,69,130,76,80,109,109,116,68,104,74,122,117,116,73,114,102,114,98,120,95,109,101,82,107,93,119,87,73,74,63,70,87,120,97,87,106,96,72,142,42,110,108,57,116,130,143,110,78,71,76,65,82,100,134,132,86,40,82,77,75,101,111,88,84,66,79,103,43,127,99,90,105,31,115,91,102,100,66,82,126,56,68,64,131,53,76,102,104,140,113,88,83,26,76,138,50,88,84,146,147,115,97,99,86,94,136,86,100,68,70,86,70,125,96,107,74,117,136,125,127,91,95,116,110,50,83,85,75,95,91,135,99,47,110,89,156,76,98,118,29,121,69,109,97,70,87,53,100,108,82,105,115,72,78,126,121,26,61,68,112,108,66,156,58,77,64,91,37,81,103,76,48,134,40,93,123,103,39,64,89,93,65,123,116,119,78,90,108,98,81,146,100,107,93,81,4,125,94,135,61,84,139,95,89,91,83,82,53,89,86,130,134,114,104,82,116,96,112,111,70,141,79,141,58,88,39,105,114,99,101,111,97,112,112,99,104,108,71,110,98,74,111,103,47,91,110,124,70,108,105,33,103,106,105,86,67,92,120,83,109,113,112,69,124,39,96,78,92,95,43,135,112,88,130,73,92,63,105,85,112,63,76,79,99,56,73,117,110,132,79,118,69,92,103,73,99,72,141,77,107,72,109,61,94,88,62,85,120,74,83,75,98,78,79,43,45,81,144,93,113,113,135,152,85,101,86,124,134,75,99,118,120
112,48,63,95,108,73,61,56,98,87,80,128,103,92,138,97,110,68,76,80,100,153,103,101,123,72,92,124,125,72,101,109,110,106,122,79,56,59,65,102,138,96,86,120,108,45,101,105,101,125,96,126,76,120,79,144,113,89,105,107,155,64,76,47,84,89,102,68,81,90,124,93,108,86,88,112,116,99,61,113,125,59,117,102,84,75,130,71,84,107,115,120,67,106,71,117,112,122,69,115,101,114,93,115,91,105,103,88,106,93,117,82,69,80,66,69,88,118,97,86,111,102,68,145,45,110,108,62,111,134,143,105,73,70,78,61,87,96,137,135,89,38,80,80,73,105,108,90,81,64,74,105,42,129,104,89,107,26,119,90,99,104,66,85,131,58,70,61,135,51,76,108,107,140,109,92,87,31,82,143,55,86,85,148,150,119,101,103,85,95,142,92,96,69,66,84,74,121,93,103,71,123,137,127,124,92,100,111,111,46,87,89,81,94,89,136,105,49,113,95,153,72,94,113,24,126,64,107,96,74,91,58,96,103,85,110,121,78,77,130,124,25,59,70,107,103,64,151,63,72,70,87,38,76,98,80,50,130,43,96,125,107,44,60,89,88,67,122,115,119,82,85,111,104,85,143,100,111,98,79,9,127,97,137,62,86,145,100,91,86,86,83,48,92,84,129,140,113,108,78,119,92,112,111,68,146,83,147,58,86,44,109,119,102,98,111,93,117,114,96,109,110,70,116,100,71,117,103,52,86,110,128,69,109,106,30,109,108,107,89,62,98,126,78,114,119,111,66,119,42,94,84,89,97,44,131,114,90,130,75,90,65,101,83,116,69,80,74,96,57,74,123,115,135,75,120,69,89,99,74,103,78,137,82,110,75,104,56,97,88,58,89,124,76,79,81,98,83,83,46,45,79,146,88,113,113,138,149,80,99,84,122,131,71,105,113,118
118,51,65,96,104,68,60,51,98,88,84,125,100,87,139,97,114,63,75,78,96,150,107,104,118,69,94,130,128,76,105,106,108,107,117,85,53,54,70,105,140,102,91,118,105,42,103,104,99,127,92,128,72,121,75,146,115,86,101,105,153,62,78,48,82,95,108,64,85,85,125,90,108,89,90,111,116,99,58,115,122,55,114,106,88,81,131,70,90,111,119,121,68,101,72,112,113,122,70,110,99,117,91,114,88,109,103,92,106,98,114,80,71,79,69,64,86,124,99,82,113,100,69,149,50,114,112,59,111,130,142,107,74,75,79,60,90,101,132,140,90,40,84,76,77,107,104,92,84,61,71,104,40,124,100,91,104,29,116,88,96,107,67,90,130,57,67,59,139,54,72,104,106,142,113,97,87,30,84,149,55,89,85,143,146,119,102,104,84,98,140,94,94,65,70,84,79,120,96,98,75,126,134,133,128,94,99,113,114,52,93,89,78,96,92,131,106,47,111,92,157,67,93,110,19,122,59,112,94,71,89,63,96,99,86,105,119,79,77,132,124,23,62,69,107,108,65,152,60,69,67,89,44,76,100,77,50,126,45,102,126,110,42,55,94,93,68,124,110,120,77,82,111,110,83,148,102,106,93,82,4,129,96,140,67,87,150,102,95,92,83,88,49,92,87,134,137,118,104,80,118,95,109,110,74,146,88,143,56,90,49,106,118,106,100,110,93,112,119,95,106,106,69,114,103,77,122,100,57,84,112,127,64,109,110,31,109,103,105,85,63,100,132,73,111,119,115,62,119,48,92,83,90,102,43,127,109,87,126,81,87,64,100,79,120,64,82,74,97,55,77,129,118,133,70,125,65,91,97,70,99,74,134,78,112,71,101,54,99,84,57,84,129,73,75,80,95,82,88,52,46,76,145,88,109,118,136,152,77,99,85,127,135,72,109,109,115
124,50,68,99,109,69,55,50,102,88,86,121,95,86,144,94,109,60,79,79,91,149,103,110,114,66,91,136,126,81,106,112,108,109,119,80,57,59,71,106,136,105,94,119,110,40,105,108,104,132,88,123,70,126,78,141,112,88,107,100,159,68,80,49,85,91,114,65,85,89,129,85,114,93,86,110,115,94,55,119,121,51,120,106,93,86,126,69,96,116,118,121,69,98,77,113,111,124,69,115,97,121,92,109,83,108,109,92,107,101,120,78,72,79,72,68,87,128,105,80,117,101,64,147,52,112,113,62,109,133,137,111,78,72,80,56,93,104,137,138,91,46,83,76,72,110,99,95,80,65,77,107,42,128,100,88,107,26,112,87,100,106,67,93,127,53,73,65,135,58,78,110,102,144,112,102,92,36,79,145,50,93,87,141,149,116,105,106,80,100,139,89,95,70,73,87,77,120,102,100,80,125,137,135,129,97,96,113,120,53,99,92,77,101,90,136,109,44,107,87,161,73,92,112,17,125,61,109,91,73,92,61,99,101,82,110,120,84,77,134,119,25,66,68,110,110,71,147,60,69,72,95,49,72,104,81,46,131,50,102,125,107,41,52,100,98,72,128,110,120,80,78,106,107,87,154,104,101,90,87,0,135,92,145,65,90,145,98,91,87,84,86,46,93,92,133,133,119,106,78,114,100,109,114,75,150,94,141,60,92,50,104,120,109,105,108,90,113,125,93,107,106,68,113,105,81,118,102,61,84,118,133,65,112,107,29,105,109,105,81,60,98,133,72,111,114,121,67,123,50,87,88,89,103,48,131,112,85,127,80,93,59,100,80,117,67,87,70,101,52,73,125,122,129,76,130,70,89,97,66,96,75,139,79,110,66,97,53,98,79,63,86,127,74,79,81,100,87,85,55,51,72,141,89,112,114,139,155,80,98,83,122,137,74,110,115,120
123,56,69,102,112,68,52,56,99,94,85,116,96,85,141,95,105,56,82,81,96,148,104,109,116,64,96,137,128,87,111,114,114,114,125,75,61,65,75,106,132,107,96,122,106,40,100,104,110,128,91,126,67,128,75,136,113,89,104,103,163,74,78,45,82,96,114,60,84,91,131,86,109,99,86,112,117,93,55,120,122,56,115,109,89,88,122,67,100,114,119,124,64,99,72,116,114,126,74,121,100,120,95,108,80,108,106,92,113,107,119,79,68,84,72,74,82,128,104,81,112,100,60,144,51,118,110,60,109,139,132,109,74,68,83,61,93,110,140,134,86,48,81,82,73,112,103,90,75,69,77,106,41,124,97,92,106,24,107,85,103,102,65,99,123,51,70,64,135,59,79,113,101,147,114,108,95,36,79,149,46,89,89,136,146,122,105,102,78,106,135,94,101,73,69,85,82,118,103,99,86,130,132,130,130,99,93,119,123,57,99,93,83,104,91,134,108,47,102,84,164,70,92,108,19,126,62,111,90,73,87,65,98,105,81,108,123,87,81,130,124,21,63,72,111,116,71,152,60,68,68,94,46,72,109,87,48,126,56,101,124,105,38,50,102,97,70,123,110,117,79,84,110,102,93,155,105,99,94,92,2,136,93,144,66,85,145,101,92,93,80,92,52,98,91,133,129,114,110,78,111,96,112,111,73,156,90,145,65,91,47,103,118,107,111,108,94,119,127,90,104,112,64,117,110,84,120,101,60,84,116,133,67,110,111,33,110,114,110,86,62,97,131,69,115,112,126,72,121,51,85,87,86,104,50,126,109,90,130,78,90,59,105,75,122,71,89,70,101,48,78,126,128,126,78,135,69,93,97,64,91,79,137,77,115,61,102,59,98,77,62,82,127,69,84,78,102,83,90,52,46,76,139,95,111,116,137,154,85,96,86,126,132,69,113,119,125
128,53,67,101,117,66,50,52,104,100,90,118,98,84,137,93,108,60,83,77,102,151,109,113,119,66,96,140,134,93,117,113,116,114,121,75,63,66,79,110,132,107,91,123,101,38,101,101,114,129,90,125,73,132,76,140,109,95,105,99,158,80,84,43,87,102,116,59,86,92,137,91,115,102,87,114,122,92,55,123,124,58,119,108,90,88,120,72,106,117,125,129,63,101,78,113,110,132,76,120,101,116,93,110,79,108,108,94,111,112,117,75,73,81,73,69,86,125,109,87,117,105,62,145,56,117,114,55,113,143,136,111,76,66,85,57,92,112,139,130,89,50,81,85,76,118,98,90,78,73,73,106,40,124,101,94,104,21,107,81,101,100,71,100,121,54,66,61,133,61,75,117,103,152,109,105,94,34,84,151,45,93,94,136,141,125,107,106,82,101,136,97,98,73,74,88,79,118,108,97,83,125,134,131,136,101,97,117,123,52,95,98,78,103,96,133,103,44,102,80,166,67,93,112,19,123,62,112,86,76,88,61,104,101,79,113,118,92,78,129,121,22,69,70,109,121,76,149,65,71,65,100,46,71,104,83,46,127,59,100,122,110,35,45,104,97,72,129,114,121,76,82,107,97,97,159,110,100,94,96,-3,142,93,144,68,86,144,103,94,88,76,88,58,104,92,132,130,110,113,78,106,96,107,114,72,161,86,145,70,91,50,107,124,110,114,114,94,115,132,92,99,114,68,115,108,80,124,102,57,84,111,136,73,111,116,38,107,114,107,88,61,94,127,75,115,111,122,70,119,48,83,90,92,104,51,128,114,85,129,75,94,60,103,75,127,76,85,72,104,48,77,127,124,132,83,138,65,99,94,65,94,79,132,80,119,64,101,56,99,75,61,80,123,66,87,73,103,88,90,50,43,78,137,96,114,118,137,154,91,99,86,126,129,67,119,124,129
133,53,67,102,114,72,54,54,106,100,86,115,98,87,139,99,103,64,86,77,100,156,107,110,114,70,101,135,137,92,122,109,115,114,118,75,58,66,81,111,133,107,97,127,102,39,107,104,117,133,92,124,71,133,78,143,109,92,110,94,163,85,82,46,82,102,112,62,83,94,137,89,110,104,92,113,127,97,55,126,130,55,118,114,90,89,119,77,109,120,127,129,66,105,76,109,106,138,81,122,98,113,92,115,80,110,108,97,107,114,114,74,75,84,70,66,92,124,114,90,114,100,67,146,51,122,113,61,119,149,133,107,71,65,81,63,94,117,137,125,84,45,80,82,72,115,94,85,76,75,72,103,41,119,106,97,108,23,105,80,99,102,77,97,122,56,72,59,130,64,74,116,100,147,107,101,98,31,89,152,41,88,90,141,144,127,109,104,87,100,141,94,94,74,79,92,79,114,107,100,85,120,132,128,131,107,94,117,120,53,91,97,73,98,101,137,101,42,104,78,171,63,92,115,17,127,67,109,88,74,94,60,109,96,84,109,124,98,84,131,120,19,67,70,109,126,81,152,67,77,61,101,42,75,103,78,41,123,57,104,127,112,37,49,102,100,72,125,109,117,78,87,105,95,97,165,108,101,96,91,1,141,88,143,74,86,145,100,98,91,81,88,56,101,94,127,127,107,108,81,104,99,102,114,77,167,81,145,75,97,52,110,126,114,110,111,95,120,129,92,101,112,64,120,109,78,128,98,62,85,109,135,78,107,113,40,112,115,112,94,58,95,126,73,110,113,128,73,121,52,84,91,90,104,52,133,109,88,127,74,89,58,109,71,131,79,87,68,100,43,80,124,124,134,79,137,63,99,97,62,98,81,138,85,115,64,107,60,100,73,64,82,118,72,85,75,109,84,94,47,47,73,136,97,109,119,139,149,95,101,92,124,128,72,114,122,131
133,52,64,104,110,67,49,51,102,100,83,116,95,82,141,105,99,61,85,74,106,162,103,110,110,69,100,133,135,89,120,114,114,112,122,80,59,61,83,115,138,103,93,132,98,44,109,102,117,130,88,129,70,136,77,138,109,90,107,93,165,80,80,46,80,108,117,60,80,90,138,91,108,109,91,116,126,94,56,123,136,57,113,112,95,90,119,73,104,123,122,131,70,101,71,110,104,141,79,126,99,117,87,119,78,105,114,102,107,118,116,71,74,87,70,70,87,130,112,94,110,95,68,143,52,120,119,64,117,145,131,103,72,68,79,67,100,116,133,129,82,50,82,82,67,117,92,83,75,76,74,98,44,115,111,93,108,21,108,81,96,108,81,103,123,58,78,58,132,60,79,112,98,152,107,107,93,30,86,153,40,89,92,143,140,125,111,103,82,100,136,99,99,79,76,87,84,111,110,105,80,119,133,129,136,108,92,116,115,56,88,101,71,97,97,134,104,39,103,82,171,68,97,118,22,126,62,111,83,79,95,60,107,101,89,110,125,100,88,126,119,14,65,72,114,125,82,156,63,79,56,100,45,77,100,76,39,124,61,101,122,118,42,54,103,99,75,131,113,114,78,93,101,101,102,163,103,98,96,90,4,139,85,143,79,82,150,96,95,94,79,91,55,101,98,125,124,111,112,87,99,96,100,109,74,172,79,151,73,103,48,113,130,110,108,114,91,115,126,91,99,111,70,118,110,81,123,93,62,91,109,134,75,113,118,38,108,117,117,90,54,93,130,78,115,111,133,77,116,47,81,89,93,109,47,138,115,88,122,76,90,56,105,69,133,74,93,70,97,41,85,124,125,130,76,136,61,105,99,62,103,80,143,87,121,59,104,57,105,74,68,83,118,73,80,78,114,88,89,53,44,69,134,92,108,114,139,146,94,97,89,127,125,67,109,120,136
133,51,70,103,109,62,46,49,108,100,78,119,101,80,147,107,99,56,84,78,108,161,103,112,105,71,104,132,140,87,122,117,110,112,122,77,63,66,78,121,133,104,97,138,93,49,108,98,120,125,91,132,65,135,81,136,105,85,106,89,160,86,85,42,81,105,115,64,83,85,133,88,108,110,93,120,127,96,58,123,139,59,116,118,97,93,123,79,106,121,128,133,75,106,73,110,108,136,82,128,96,122,85,116,74,110,114,98,107,121,122,76,75,92,67,76,92,125,116,99,109,95,72,147,52,124,117,68,114,144,134,108,72,71,76,69,97,122,135,129,86,55,78,82,70,118,96,85,73,82,78,103,45,118,114,93,104,26,104,85,100,110,80,106,125,58,73,64,131,66,81,115,97,152,105,108,99,25,89,151,45,95,87,147,145,125,107,99,86,96,133,103,105,76,81,84,89,108,114,110,82,122,137,125,142,109,97,119,111,58,88,105,66,102,94,129,106,45,100,79,168,70,93,123,20,126,68,110,81,76,97,62,103,107,94,109,121,103,84,128,122,20,67,77,119,123,82,157,64,76,62,96,45,73,103,74,36,127,57,105,123,115,37,53,98,96,74,132,115,118,74,98,98,99,105,167,109,104,99,96,9,143,91,149,81,88,152,97,95,92,77,86,54,102,98,127,121,109,107,91,102,95,97,111,73,170,85,148,72,108,43,109,125,112,107,117,88,113,130,86,99,115,66,119,109,79,118,92,66,90,106,137,70,115,113,43,103,122,122,92,53,98,134,82,120,113,130,79,120,47,83,85,94,107,49,134,112,91,127,80,88,52,111,71,138,73,92,74,94,43,84,125,127,126,79,132,60,102,97,67,106,81,143,92,120,55,110,57,110,71,66,82,118,79,75,83,110,90,85,56,47,64,133,94,113,113,136,152,97,94,86,127,127,70,107,125,137
137,52,74,103,111,60,50,47,114,101,79,123,97,82,153,109,94,51,79,76,113,165,106,116,109,71,104,134,142,90,128,116,115,107,121,76,59,62,79,124,129,100,98,138,91,54,103,101,117,131,91,136,67,137,83,139,101,91,111,93,164,91,80,45,84,107,121,66,87,86,133,88,107,115,94,126,132,96,58,121,145,64,115,122,96,96,129,82,112,126,125,137,70,103,79,110,111,136,79,134,93,118,89,117,71,116,118,97,113,124,126,80,81,95,67,74,90,126,114,94,114,93,67,152,56,128,122,67,111,150,132,103,76,66,82,69,101,118,132,130,81,50,74,84,74,123,95,81,73,87,73,108,41,116,116,95,109,23,102,85,97,112,81,111,123,56,76,64,131,68,80,117,98,156,111,106,96,24,86,148,51,98,92,142,150,130,108,96,92,96,138,106,101,76,87,84,88,108,115,105,83,122,141,121,137,112,95,119,110,60,86,103,70,97,100,127,107,50,96,74,163,68,97,129,26,127,66,115,80,75,96,58,103,112,95,111,119,100,81,124,127,22,66,77,125,126,82,152,61,76,65,97,40,68,108,72,38,127,63,110,128,116,35,54,93,94,80,132,116,116,73,95,100,101,102,166,106,103,95,101,14,140,93,153,77,87,154,96,96,98,76,86,53,103,99,129,119,105,113,90,106,95,103,114,76,165,83,153,72,110,48,110,129,117,103,120,92,114,128,85,104,116,66,116,112,84,122,90,71,86,103,133,70,115,109,47,109,117,118,96,54,98,131,81,126,112,130,76,121,43,82,88,96,109,50,131,108,92,122,86,88,58,117,70,141,68,92,76,97,48,88,130,130,125,82,134,63,102,92,63,103,86,140,88,125,53,109,59,108,72,69,81,116,77,80,83,116,88,86,52,42,70,128,99,113,111,136,147,92,97,88,128,122,76,104,129,136
135,57,75,99,108,63,53,44,117,105,82,128,103,83,152,112,91,52,85,73,116,170,104,115,109,66,107,134,147,93,123,116,114,110,116,82,65,65,78,119,133,102,98,139,87,51,98,99,116,136,93,139,67,141,87,141,101,88,112,93,166,89,77,51,84,108,123,65,82,86,134,90,111,113,93,130,128,94,54,120,146,64,119,127,100,100,135,83,116,131,120,134,65,107,78,113,106,132,83,138,90,123,88,122,68,113,117,99,119,123,129,86,82,96,66,78,85,124,114,94,110,99,68,153,58,134,118,70,112,153,135,99,82,69,86,64,107,123,138,125,82,50,72,90,76,127,98,81,79,93,77,110,40,120,118,100,114,22,99,83,102,115,85,110,119,60,74,64,130,67,85,120,104,162,109,111,91,19,92,145,46,102,87,145,156,135,114,102,89,101,134,105,103,73,83,83,88,112,116,110,81,126,137,120,136,115,101,114,105,56,86,98,73,96,106,124,113,50,94,69,167,72,95,126,31,132,71,115,79,78,95,57,99,111,93,114,122,106,79,124,123,23,62,83,122,122,87,151,62,76,69,100,41,67,114,77,33,129,59,115,133,114,33,52,93,99,83,130,115,122,79,99,103,107,99,167,108,98,95,97,14,135,99,152,73,82,159,96,92,101,77,89,55,98,102,127,119,108,117,91,103,96,98,117,82,170,88,158,70,105,48,106,126,122,98,115,93,120,133,84,110,121,61,119,118,81,119,87,74,85,105,135,76,121,115,46,105,121,120,95,58,102,136,85,126,107,135,77,124,45,79,87,94,111,46,130,114,91,121,85,88,64,115,70,139,74,97,72,98,53,91,132,125,123,84,135,60,102,89,65,102,83,146,94,122,54,106,55,114,78,70,82,122,72,85,81,113,84,90,50,47,75,124,95,114,112,134,151,92,99,94,127,125,75,104,124,135
138,57,78,96,107,64,48,47,120,102,81,134,100,88,149,114,88,52,80,70,116,175,110,110,112,66,106,136,144,92,124,119,112,114,112,77,65,71,75,125,130,97,97,139,85,46,96,94,117,131,92,138,62,140,84,139,99,93,116,95,171,91,74,52,79,106,121,68,88,89,132,87,107,113,89,131,128,98,53,118,143,69,118,128,104,105,133,81,119,127,121,134,69,113,81,111,102,133,85,135,91,126,91,128,67,115,122,95,123,119,125,90,79,91,72,74,86,124,113,89,113,97,66,151,64,135,124,65,118,149,132,101,79,75,88,65,104,127,142,127,80,53,77,86,71,130,97,87,79,96,76,111,35,120,114,96,109,21,95,83,106,121,86,108,124,59,74,67,132,71,91,116,102,162,112,115,87,19,97,151,46,99,85,151,157,137,119,106,92,107,132,102,106,72,87,82,84,111,117,107,79,129,134,120,138,111,97,111,110,57,85,95,72,99,102,119,109,49,92,65,165,72,98,122,30,128,67,116,74,76,93,61,94,107,95,120,118,110,82,120,121,24,57,86,119,126,82,150,61,75,66,96,47,62,113,78,33,127,54,113,138,115,33,52,99,97,82,132,110,122,75,101,108,113,104,169,114,97,100,103,12,130,102,150,76,82,165,99,98,100,79,87,53,100,108,128,125,106,122,92,106,96,104,120,87,166,94,154,69,106,48,102,128,118,94,111,99,126,129,83,107,117,60,114,121,85,115,82,79,82,107,139,77,127,114,48,106,127,120,97,62,107,132,84,129,112,138,81,121,45,78,82,96,108,52,136,110,95,119,87,85,61,116,67,140,78,103,70,97,59,97,133,128,120,86,133,63,98,87,70,104,79,142,91,122,54,108,55,120,83,70,79,125,70,80,86,110,80,92,54,43,78,130,100,115,116,137,150,96,105,97,128,124,79,105,129,135
143,63,79,93,109,66,50,44,126,108,76,135,103,87,149,111,90,54,76,66,112,172,106,105,107,72,106,132,146,97,125,117,116,115,112,78,62,76,71,124,129,94,102,139,88,48,102,95,116,136,89,135,66,137,84,136,97,91,114,94,173,89,77,50,80,102,118,66,86,91,137,82,110,112,86,126,126,97,59,114,143,65,123,129,106,109,129,83,115,129,127,137,74,116,84,117,101,139,87,140,88,128,96,130,68,119,125,94,123,119,122,91,80,89,69,73,90,126,111,86,115,93,61,157,59,141,124,67,116,152,128,100,76,78,86,60,103,133,147,129,86,59,79,89,71,128,97,85,79,101,82,109,31,125,110,95,114,27,99,79,112,120,90,111,129,57,75,67,127,74,93,114,99,159,115,114,83,24,100,146,46,101,80,155,152,140,116,105,97,113,135,103,112,69,84,84,87,107,115,112,77,132,134,115,140,108,93,109,115,62,81,99,68,102,98,121,110,47,90,66,163,69,102,128,26,132,66,114,78,72,91,65,92,110,95,117,118,113,82,126,116,20,56,89,119,130,86,145,57,75,63,98,46,66,115,74,30,122,59,112,142,110,28,51,105,95,84,128,115,120,76,96,109,114,103,167,111,102,98,103,9,136,102,151,80,85,166,104,95,102,84,86,58,97,108,129,124,105,123,91,108,95,100,122,87,162,90,152,75,102,53,108,132,116,95,108,97,128,125,82,112,123,63,110,120,80,114,77,84,77,102,139,73,126,113,49,112,131,124,93,63,113,137,86,131,110,134,85,118,45,76,79,100,110,55,135,109,98,124,85,91,67,122,64,142,78,105,73,93,54,99,134,128,126,81,139,69,95,90,75,103,78,141,86,119,53,104,60,122,82,68,77,131,71,79,87,110,81,87,60,49,81,134,96,120,114,136,152,99,104,98,123,129,83,108,125,131
148,59,83,88,114,61,48,44,128,108,79,138,100,92,144,111,90,53,79,65,118,170,106,102,109,68,101,138,142,96,120,119,118,110,118,78,66,74,72,123,130,91,105,141,84,44,108,96,116,135,95,141,69,136,80,139,95,86,114,97,173,88,83,49,79,106,117,65,87,90,139,82,114,115,87,121,127,99,58,111,144,60,121,132,108,106,134,89,120,126,132,133,69,117,79,120,107,137,89,139,92,133,98,126,70,124,129,98,121,121,121,87,84,93,66,69,94,129,113,91,119,97,61,163,61,141,124,73,122,152,133,106,82,82,83,61,108,128,152,135,84,56,83,90,77,124,99,85,78,103,88,108,27,129,109,92,116,22,99,80,113,122,89,116,134,52,73,70,127,78,95,119,99,155,117,117,78,19,98,149,51,102,76,153,153,144,111,107,96,109,133,103,110,71,80,86,84,109,120,108,73,136,132,118,144,110,96,109,112,60,78,103,73,103,99,124,113,48,86,71,163,72,99,126,22,136,64,109,75,69,88,67,89,106,93,123,114,108,80,129,117,17,52,95,116,129,88,147,56,75,63,93,49,66,121,73,25,119,63,110,141,110,28,47,101,98,86,126,115,125,78,99,109,112,101,162,109,105,99,103,5,140,101,146,81,89,162,99,93,104,87,91,55,103,104,126,122,107,122,86,108,97,104,126,86,159,87,148,78,100,48,109,127,113,97,114,94,123,130,83,117,129,61,114,125,81,117,74,84,80,98,135,79,129,109,50,116,130,129,92,58,109,138,85,132,113,137,83,121,49,82,82,103,115,54,137,107,96,125,84,97,66,122,63,141,74,104,77,88,51,96,140,124,132,82,134,69,92,90,77,106,80,138,89,125,50,102,57,120,88,73,82,131,67,77,85,107,86,83,57,53,84,137,96,118,120,136,149,102,99,104,125,126,80,107,122,132
153,58,89,84,119,63,45,47,126,113,81,138,100,87,143,111,91,54,85,67,124,169,103,102,105,70,99,139,144,96,116,114,117,114,114,84,65,79,71,121,131,95,105,144,83,47,103,102,111,133,99,140,66,142,85,135,96,89,120,96,176,87,79,45,74,107,113,63,82,95,139,87,109,114,88,116,124,105,60,114,140,57,118,131,106,108,132,87,117,125,138,132,68,121,77,122,104,140,88,135,98,136,103,126,75,123,134,97,123,116,120,91,84,96,65,73,93,131,118,91,120,100,59,159,56,144,123,69,117,154,130,102,82,88,88,58,113,133,153,137,80,52,89,94,72,125,102,82,78,98,93,110,31,132,114,87,122,28,94,82,113,124,86,113,140,57,77,67,128,76,99,121,104,154,120,116,82,23,102,154,52,101,78,152,157,142,112,113,96,108,130,109,112,74,77,86,81,104,116,105,76,133,134,114,145,111,96,113,115,65,78,109,73,105,102,124,110,49,85,69,169,76,103,130,21,134,60,114,72,68,89,66,93,106,97,124,112,109,86,134,115,23,51,97,115,126,87,147,53,70,69,88,49,66,122,70,29,119,60,109,144,107,27,48,101,95,89,122,118,126,78,100,114,113,106,164,112,109,94,109,10,146,96,145,76,93,167,95,98,110,91,97,52,101,108,130,127,104,127,81,104,103,103,130,91,165,91,150,74,106,45,105,131,110,92,113,92,129,136,88,120,125,65,114,122,81,120,77,87,80,103,139,82,130,112,45,111,129,124,93,55,104,134,84,133,117,134,83,118,50,78,85,101,113,51,135,111,100,130,85,94,72,128,68,141,78,110,73,90,57,99,145,127,134,77,129,66,89,93,78,109,84,136,94,127,52,98,58,123,94,73,82,128,70,72,90,113,90,84,55,55,82,136,92,123,119,139,151,105,99,107,124,122,85,109,120,138
150,60,87,83,125,65,43,50,122,114,83,144,103,88,148,108,90,50,90,64,123,168,106,105,100,69,96,134,139,96,115,113,113,118,113,88,67,84,69,124,135,99,105,144,80,46,99,99,106,131,95,138,63,143,89,140,92,88,116,91,175,93,81,46,75,107,115,68,84,97,134,92,109,119,91,119,119,102,56,114,141,56,116,133,106,109,130,92,116,123,142,136,66,121,73,128,100,138,90,133,102,131,103,132,76,120,138,99,124,111,116,96,80,100,70,79,93,127,115,93,116,101,59,157,62,150,126,75,115,158,129,100,86,88,88,60,119,135,155,132,79,51,85,91,75,130,100,77,77,102,90,114,30,135,115,83,124,33,99,88,111,124,89,110,145,58,74,67,131,75,97,116,108,157,115,111,80,21,108,154,49,98,84,150,162,142,117,119,102,103,132,108,109,78,73,87,78,101,117,102,75,128,138,114,146,109,94,116,111,70,84,115,72,109,100,128,106,50,86,71,164,82,107,132,16,136,56,112,76,68,90,69,93,110,103,126,117,104,85,138,110,24,54,98,113,121,88,142,55,71,75,90,53,72,128,67,35,120,56,106,141,105,25,52,106,97,88,128,119,126,83,95,113,119,112,164,118,115,90,112,15,141,95,151,82,90,163,93,102,114,86,102,51,96,108,129,125,100,132,86,105,108,109,126,88,170,96,153,75,111,49,109,131,105,88,111,87,124,131,92,123,121,65,114,119,80,115,75,84,78,101,135,86,132,116,47,110,126,123,90,59,103,132,90,134,119,135,87,120,50,79,87,102,119,49,136,116,96,132,80,99,70,134,64,146,80,115,77,94,59,99,148,131,134,80,131,71,94,89,82,106,79,137,94,132,51,102,55,129,99,76,84,127,71,73,91,118,88,88,58,58,87,133,89,129,121,134,155,105,94,107,125,126,82,104,118,134
153,56,92,80,122,62,49,50,119,115,86,141,104,91,153,106,89,52,96,68,126,169,106,103,101,65,101,132,143,97,114,111,113,124,110,91,68,89,72,129,139,96,111,143,75,43,94,102,102,129,98,134,66,142,91,137,95,91,114,92,175,93,78,41,80,112,116,65,85,97,133,89,107,123,94,123,124,97,51,119,142,58,119,139,101,115,130,90,111,124,143,137,72,116,72,130,106,142,96,131,108,137,109,129,77,123,133,105,126,115,117,95,85,101,66,82,92,126,120,95,113,105,60,155,61,156,124,70,120,154,126,106,88,87,93,58,117,134,161,138,82,46,86,87,79,127,103,80,77,108,92,109,27,134,114,81,127,30,96,88,116,127,84,107,140,53,71,72,128,79,97,122,108,160,119,110,83,16,114,160,48,94,87,151,167,143,112,114,102,104,133,114,107,80,72,88,83,105,114,101,76,124,143,119,152,115,95,116,114,65,90,110,78,106,97,125,103,54,91,71,167,80,104,133,12,134,56,118,82,70,86,70,91,115,108,126,114,106,91,143,113,29,54,93,110,117,93,143,50,76,78,95,53,72,130,62,33,122,55,112,144,104,26,47,110,98,87,130,116,122,83,91,110,118,116,169,117,121,90,110,10,137,98,152,82,87,158,98,108,116,92,104,52,96,105,126,129,105,131,87,107,103,114,131,89,171,91,159,77,117,55,112,130,104,94,115,84,124,136,94,124,126,68,119,125,79,113,71,88,82,101,138,81,134,111,45,112,130,125,86,57,103,132,91,135,115,131,85,123,53,85,85,104,117,44,136,120,100,134,82,104,69,135,66,145,75,121,83,93,65,105,147,130,136,85,129,67,98,86,79,112,84,134,94,131,54,105,56,128,95,72,84,122,70,75,93,114,92,94,58,57,87,134,84,125,117,129,160,107,92,105,125,125,80,99,115,133
151,52,93,78,123,64,52,55,114,112,86,140,106,90,149,109,93,49,91,64,128,172,104,103,97,71,107,136,149,94,119,113,111,121,112,87,64,92,67,127,134,92,114,149,77,42,94,98,101,125,96,133,71,147,97,132,91,88,118,94,178,99,74,47,81,107,116,62,85,102,130,92,102,124,99,128,122,93,54,121,142,57,124,136,107,113,129,91,116,123,147,133,78,118,69,135,111,142,94,131,104,135,106,130,82,119,133,104,125,121,119,100,82,106,68,85,87,131,123,95,110,110,56,160,67,155,123,74,124,159,122,103,91,91,97,64,118,140,156,143,88,43,83,93,75,132,101,84,79,113,92,106,32,135,113,84,133,25,95,86,122,124,87,105,136,51,75,67,125,85,98,123,104,165,125,116,83,20,112,166,49,98,93,156,168,141,107,120,107,110,134,117,106,79,78,90,78,100,119,107,76,122,138,123,153,112,91,116,117,62,88,110,76,110,103,130,103,52,90,67,162,84,101,138,11,136,56,121,81,66,81,71,89,113,107,126,114,106,88,138,108,32,59,88,115,120,95,141,54,77,74,98,57,77,130,58,39,117,54,110,149,107,29,49,105,98,90,133,112,121,84,89,109,124,114,173,115,121,90,112,15,135,97,150,77,90,153,104,111,112,88,106,58,98,102,127,131,110,127,86,111,105,115,137,95,175,93,164,79,120,56,116,131,104,89,114,81,122,139,91,119,131,66,118,130,76,115,67,93,77,102,143,76,136,112,50,108,134,130,84,54,104,127,91,139,115,136,84,123,53,80,80,99,123,48,139,123,105,138,84,108,75,140,62,150,70,118,83,93,62,110,145,126,132,89,129,63,102,88,83,114,80,135,96,126,51,101,59,127,100,71,84,127,68,70,96,119,98,100,54,63,89,139,90,120,119,128,160,106,92,106,131,128,76,105,115,136
154,52,94,76,119,65,50,56,115,109,81,144,112,93,146,114,92,48,86,59,125,169,110,108,97,70,103,131,153,94,114,116,110,121,112,85,69,90,64,130,136,92,115,147,81,38,98,97,106,131,92,134,66,146,93,135,86,91,121,90,183,99,77,42,83,111,117,58,80,98,125,92,102,120,102,129,126,94,51,117,138,54,129,135,105,108,131,94,121,122,149,132,83,123,73,131,117,148,92,127,104,138,102,132,84,117,130,106,131,122,124,100,88,111,66,80,90,134,124,95,108,109,56,166,68,153,127,75,124,158,125,107,90,86,102,65,116,140,162,143,92,45,84,95,75,130,103,80,74,109,96,101,32,132,119,90,131,29,99,85,119,122,87,111,142,53,77,69,121,83,101,127,109,167,123,118,80,19,118,165,47,99,98,155,163,142,104,115,112,107,130,115,101,76,79,91,82,96,122,104,82,119,143,123,151,115,94,121,123,67,90,106,78,109,100,126,104,52,87,69,159,88,96,136,15,139,54,125,81,65,84,70,86,110,103,130,114,106,86,134,109,37,59,90,110,122,101,146,49,73,77,99,62,78,125,64,41,114,52,108,153,110,31,45,101,98,90,130,112,116,84,86,115,129,114,175,113,126,91,115,17,139,92,146,82,86,157,104,106,113,93,101,54,96,102,128,126,110,128,86,115,111,113,141,101,172,92,168,82,119,62,117,132,101,90,119,79,128,137,90,124,130,63,122,130,74,118,64,97,83,98,144,82,133,116,48,108,137,129,81,53,103,129,89,141,112,139,86,129,53,82,85,104,118,47,140,126,103,143,81,104,73,140,59,154,69,113,78,94,65,109,143,127,128,92,135,64,108,94,89,114,86,130,101,126,49,103,63,122,98,74,84,125,68,68,94,120,94,99,57,69,85,145,96,115,124,129,155,101,92,109,128,131,78,100,110,142
157,55,96,73,116,68,51,58,112,112,81,142,112,94,150,116,89,52,89,62,130,170,115,112,94,68,103,126,155,97,115,122,112,123,118,89,65,87,66,127,135,90,112,142,80,37,103,96,102,127,93,140,72,145,99,132,84,90,127,95,188,105,75,40,84,117,113,54,82,93,120,98,98,117,98,132,131,92,50,116,134,52,129,137,108,103,126,92,119,118,148,135,85,122,77,135,119,147,95,122,110,140,99,135,80,121,130,112,127,119,125,104,85,111,68,84,89,133,128,96,114,106,59,172,68,157,122,77,127,156,128,113,88,91,107,63,114,137,162,147,97,41,87,99,79,127,108,79,76,107,91,106,31,138,118,87,135,31,104,87,121,124,88,113,141,48,75,67,123,81,106,128,112,167,126,114,77,24,116,161,53,102,104,161,160,139,103,113,109,113,131,110,105,76,81,92,87,98,128,110,83,120,148,127,149,121,97,126,129,63,86,102,75,104,102,122,106,56,87,68,162,87,98,133,13,144,60,120,84,69,90,66,84,116,109,135,109,110,89,135,110,36,55,94,110,126,102,148,44,72,81,105,58,83,122,63,38,114,50,114,155,108,27,50,100,102,87,136,112,122,80,86,115,130,120,176,119,123,92,119,22,145,87,151,79,91,154,105,111,109,91,104,58,100,100,123,130,112,124,91,121,107,117,145,106,172,89,169,82,115,59,118,128,97,94,121,76,129,133,88,122,134,58,125,135,75,118,64,102,86,103,140,79,131,120,43,114,140,131,80,49,102,124,95,147,110,134,87,131,56,79,80,100,114,44,142,125,105,149,85,102,77,146,56,151,66,112,83,97,71,112,144,128,129,98,139,65,113,92,89,115,83,131,98,127,47,106,68,117,99,69,87,120,68,67,91,118,99,102,60,71,82,144,99,116,123,125,159,103,88,110,126,130,75,96,111,139
160,54,101,79,113,67,54,59,114,112,76,146,110,93,154,119,88,47,95,66,133,169,115,115,100,70,105,123,153,100,120,121,110,124,116,90,63,82,70,130,135,89,117,148,81,39,106,101,104,130,98,138,73,151,97,133,87,85,132,93,185,100,75,38,88,115,116,53,80,91,125,93,101,113,102,129,137,90,45,122,132,57,125,140,112,107,128,97,114,120,146,140,90,120,74,136,114,142,96,128,107,137,97,135,78,124,127,115,122,123,127,102,86,110,72,89,94,128,134,98,118,108,57,169,66,161,121,81,126,158,128,113,88,86,108,63,110,141,158,144,97,41,83,104,81,122,105,78,74,103,94,108,36,143,117,93,141,35,106,91,117,119,93,119,142,47,72,62,122,80,107,124,113,170,121,112,79,19,112,162,58,98,105,156,161,135,103,115,111,116,126,115,106,72,79,97,84,103,127,115,82,120,153,129,155,126,92,128,129,67,85,104,78,100,100,118,101,54,87,73,167,82,102,137,15,142,58,123,79,73,93,62,85,115,105,137,106,105,95,135,107,39,51,97,109,129,103,144,39,70,78,106,63,78,120,62,37,118,52,112,154,105,31,50,100,103,93,134,110,123,76,85,111,131,117,175,122,123,90,118,17,151,85,156,75,87,156,108,110,110,96,104,59,95,98,126,133,113,129,96,117,104,119,142,108,177,94,175,77,117,60,122,127,101,89,126,74,128,134,92,125,140,64,131,131,79,123,68,105,85,107,136,85,130,121,49,117,135,134,78,55,100,122,98,145,115,140,93,133,54,80,80,95,119,44,137,125,109,154,85,100,75,144,59,146,65,107,80,97,73,113,142,132,124,93,145,67,116,89,91,113,84,127,100,128,53,107,72,117,98,72,83,119,69,69,95,122,96,106,62,72,88,139,102,116,123,126,155,109,83,106,123,127,71,102,112,143
158,57,97,76,112,70,50,55,119,108,81,152,113,92,157,116,86,52,94,68,130,169,110,115,101,70,107,125,155,98,123,120,109,127,116,88,63,88,72,125,137,93,116,152,78,38,101,104,100,133,94,138,70,151,94,136,92,86,138,88,186,102,81,34,91,121,118,59,84,90,124,99,105,111,105,125,142,92,40,127,133,60,120,141,109,102,131,97,119,120,151,146,90,118,70,131,119,148,92,123,102,134,92,140,79,128,133,111,122,118,129,103,83,110,70,91,99,132,136,101,117,104,58,172,66,157,121,84,132,156,128,113,90,83,103,69,105,139,160,140,99,38,82,105,87,127,103,82,75,106,90,106,33,148,119,90,143,30,104,95,114,123,88,117,140,44,75,62,121,84,103,119,115,166,116,113,77,21,110,160,64,94,109,151,165,135,98,110,113,112,130,119,111,74,81,99,84,99,129,110,77,120,157,135,156,121,95,131,125,69,84,100,84,98,96,120,104,58,93,76,164,78,107,138,15,145,58,124,74,76,88,62,87,114,102,135,107,110,90,131,105,37,51,97,111,131,108,141,36,67,79,110,62,76,115,60,42,114,48,109,150,100,35,48,101,98,90,136,110,127,74,91,117,127,121,170,124,119,90,121,16,152,88,152,80,90,160,106,114,107,99,99,57,92,94,124,128,113,134,93,123,102,116,139,114,182,89,172,74,119,65,126,125,103,84,125,70,128,132,93,122,140,62,127,136,82,125,63,110,82,108,139,87,126,118,45,114,131,136,81,54,104,124,94,149,115,143,98,128,55,85,79,97,114,43,136,129,114,157,87,96,76,146,63,150,64,104,82,102,77,116,137,136,124,91,143,65,115,90,95,109,84,131,102,132,49,106,76,121,102,70,83,114,75,72,100,118,96,108,67,78,86,137,103,114,128,123,154,115,81,109,122,122,75,102,115,146
162,55,101,79,114,66,52,58,120,106,76,153,114,97,163,121,87,52,98,65,129,170,105,110,104,76,113,130,159,102,121,122,110,125,119,89,66,88,71,126,138,89,122,149,76,33,97,110,95,132,94,144,68,154,93,141,97,82,139,83,190,101,77,31,97,120,117,56,81,94,124,98,105,111,101,121,138,97,38,127,139,60,122,137,113,107,128,92,115,121,154,147,94,115,72,137,118,144,87,123,106,133,95,146,76,126,129,109,117,120,132,109,88,109,74,93,104,135,131,96,120,99,62,173,61,157,126,89,133,151,130,108,94,84,107,65,108,140,157,140,103,40,82,100,93,122,107,83,74,105,93,101,31,148,114,95,140,34,103,96,119,126,93,121,140,49,76,59,126,80,100,125,119,171,115,109,72,26,116,159,67,93,104,154,170,140,97,109,117,116,134,123,110,77,83,94,90,97,134,113,75,121,153,141,153,125,98,133,123,65,86,99,85,102,92,122,102,60,96,74,164,77,105,143,16,144,63,119,72,81,91,61,89,120,103,139,104,107,90,127,109,36,51,96,112,127,109,143,41,62,77,114,60,75,113,63,39,117,48,115,154,104,40,50,104,97,85,135,106,127,71,87,122,122,124,174,123,118,95,124,19,157,90,149,77,88,165,102,114,103,102,95,61,89,89,128,132,111,137,89,120,108,121,141,120,182,90,177,71,116,61,129,127,98,81,124,76,131,132,89,121,145,63,129,142,82,121,66,107,84,109,145,85,130,115,43,116,132,134,76,56,99,121,97,145,121,141,96,123,60,90,74,103,109,45,136,129,110,157,87,101,77,144,67,147,60,102,86,105,78,116,134,135,127,97,143,63,116,95,91,109,81,129,97,138,48,106,82,125,103,74,85,115,70,67,105,113,101,105,68,82,82,136,105,112,127,124,150,118,82,107,118,126,78,100,120,141
157,58,101,80,114,71,49,54,118,102,73,154,118,100,167,118,92,54,99,64,130,172,102,109,108,82,110,127,160,105,119,124,111,131,114,90,67,84,73,124,137,87,127,155,78,39,92,105,95,136,97,145,68,152,97,138,103,88,137,79,185,102,73,34,101,125,114,54,81,90,127,93,110,115,105,127,136,98,41,125,136,61,124,140,110,106,134,92,114,119,156,144,91,119,71,133,121,145,83,129,108,136,100,141,75,122,131,107,113,126,132,115,84,113,72,92,108,130,134,102,122,101,58,176,64,152,124,94,139,155,129,103,94,79,109,68,114,135,157,139,109,45,81,104,94,128,110,81,75,108,88,96,32,150,120,97,146,39,106,98,118,130,95,120,144,44,81,62,121,76,98,128,124,176,117,109,72,27,112,159,73,97,106,156,172,141,98,110,112,113,140,120,109,78,79,92,94,97,138,108,70,118,155,147,154,128,93,131,118,67,89,100,82,106,94,126,107,58,95,80,169,77,110,142,13,145,65,120,71,85,86,61,92,125,105,142,103,106,91,125,113,41,46,102,114,133,111,139,42,65,75,116,57,80,118,59,39,118,45,112,158,99,41,54,101,95,88,139,109,133,71,88,122,128,120,178,119,122,100,122,18,156,92,152,73,92,164,101,115,107,107,90,67,87,87,125,129,108,139,94,121,109,122,143,118,182,86,176,67,120,63,130,122,93,84,123,79,136,132,91,125,146,59,127,146,86,118,69,108,90,108,151,83,133,118,45,114,137,136,71,60,96,124,103,140,119,144,97,127,62,87,77,108,114,50,131,127,116,155,82,102,72,148,72,144,57,107,81,101,81,119,139,138,130,98,144,63,116,96,86,106,83,127,96,143,47,105,82,128,109,78,80,110,66,68,106,109,97,107,68,78,85,131,111,115,132,121,146,122,88,109,117,123,77,104,121,140
154,60,99,85,110,70,47,54,124,107,77,160,123,104,173,119,87,53,100,67,125,177,104,107,107,78,113,132,163,100,125,124,117,127,110,88,65,79,72,130,138,91,130,151,78,45,98,108,92,131,98,141,66,152,95,139,105,90,140,76,185,106,74,34,101,129,111,49,83,85,133,95,116,116,105,125,138,96,40,128,138,60,121,144,109,107,134,98,112,117,160,145,93,121,74,130,119,141,79,134,109,131,98,138,76,128,134,111,110,121,137,118,81,118,69,89,111,131,130,106,127,106,64,178,67,152,121,100,136,159,133,100,95,77,106,63,113,133,163,139,107,43,76,106,96,128,114,85,75,104,86,97,35,146,122,101,150,37,105,95,114,132,99,120,143,42,86,67,121,79,100,123,127,178,121,110,77,33,111,163,76,96,102,153,169,143,99,109,114,112,137,121,108,83,77,89,99,92,141,106,69,119,151,147,154,130,94,137,119,62,89,100,83,101,100,128,111,62,90,80,168,78,107,139,13,140,64,116,76,80,83,66,98,126,100,144,109,108,95,124,108,45,47,98,117,139,107,134,40,68,80,111,61,81,118,61,44,118,43,118,154,96,36,54,103,92,87,142,111,130,77,90,126,130,119,184,118,125,96,126,16,152,97,151,73,88,166,105,118,104,107,94,69,87,86,130,127,103,137,91,125,113,120,143,114,180,91,181,70,126,69,125,122,95,89,122,77,141,127,90,124,141,57,130,150,89,124,66,111,86,110,149,85,131,124,49,109,141,135,71,65,97,122,104,136,120,144,100,132,60,92,77,105,115,45,127,129,114,152,78,104,70,148,74,145,59,106,82,100,79,119,138,133,128,103,139,68,116,92,86,112,82,127,93,138,45,109,82,126,111,84,81,110,63,73,107,111,103,107,66,79,84,135,108,119,137,123,142,121,83,105,116,129,81,99,116,137
160,55,94,87,112,76,44,53,122,102,83,155,123,105,169,117,83,54,101,69,131,172,107,110,105,83,114,136,169,106,128,130,114,125,108,94,70,78,73,133,144,96,125,156,74,47,94,107,97,127,100,136,69,148,100,135,107,94,138,75,190,106,80,39,99,132,113,52,81,82,129,98,119,122,103,130,135,100,36,129,135,65,116,145,115,108,138,100,112,117,157,140,94,118,74,127,118,139,79,137,109,126,100,140,80,132,136,117,109,116,139,113,87,115,73,94,115,136,135,103,132,110,69,179,66,149,117,105,133,165,129,96,98,76,104,59,116,139,161,143,112,48,73,109,100,133,120,80,81,108,83,93,40,143,118,104,152,34,107,94,113,135,103,117,146,39,87,64,121,74,96,121,130,184,127,110,77,31,107,166,79,91,106,153,169,145,95,106,116,116,132,116,113,85,73,86,98,97,138,105,64,116,148,144,151,131,91,136,122,68,84,96,83,103,105,125,117,63,91,77,163,83,106,140,16,136,63,118,75,86,82,61,101,128,103,147,111,104,91,119,106,50,52,102,113,142,102,135,40,74,83,108,58,76,115,62,46,119,41,119,158,92,32,51,101,94,86,147,113,131,75,92,123,125,122,190,114,124,100,122,15,157,93,151,74,92,163,107,123,109,111,98,69,91,84,126,128,104,140,97,120,115,115,148,110,176,97,181,68,128,72,129,117,101,93,125,83,138,128,93,127,137,60,131,145,84,126,72,110,91,109,150,90,136,130,48,107,140,140,77,66,99,123,106,138,116,139,98,138,61,92,73,102,120,49,122,126,110,157,76,109,71,143,75,144,61,107,83,106,75,115,143,134,132,99,142,67,122,97,90,107,80,128,91,134,45,106,86,121,109,83,85,115,64,78,105,114,103,111,67,76,89,137,112,114,133,119,145,122,79,104,117,125,77,103,112,140
159,55,96,87,109,78,47,53,122,102,88,159,126,109,168,116,79,55,98,68,136,175,106,116,104,80,114,137,170,102,125,135,111,123,104,99,69,74,75,129,144,92,129,158,72,44,94,107,96,132,101,137,74,145,105,138,113,92,139,74,189,102,86,43,94,129,118,48,78,87,134,97,121,123,104,135,139,105,36,127,131,65,119,150,113,112,137,96,108,122,160,138,89,113,80,126,120,138,76,135,115,128,98,141,77,136,138,119,110,122,143,111,91,120,78,91,112,141,138,108,134,111,68,185,71,152,116,104,137,160,133,93,97,75,107,57,121,145,163,138,115,47,74,109,104,136,126,78,82,106,81,97,43,149,118,106,154,30,108,97,111,137,102,120,151,36,84,69,118,79,96,124,135,188,124,106,79,34,102,168,82,92,103,148,171,142,90,109,114,113,138,119,118,91,70,88,100,92,135,106,62,121,143,146,155,132,89,134,128,69,83,92,88,101,105,128,116,63,93,80,165,82,105,145,21,141,62,115,72,89,78,67,98,133,100,149,106,104,97,125,105,46,54,100,118,147,107,130,36,78,88,109,64,73,110,58,41,121,46,117,156,95,35,46,106,99,83,149,118,129,71,89,129,122,122,187,109,127,95,119,20,156,89,156,69,91,162,113,128,105,109,97,75,96,88,128,130,107,137,100,120,121,118,149,111,178,96,185,65,134,74,132,119,96,99,123,83,140,127,90,128,142,59,135,151,90,123,73,110,97,112,149,90,132,135,52,112,146,141,75,61,102,127,106,142,116,140,99,144,66,97,78,103,119,44,126,131,111,162,82,115,73,138,73,150,59,106,88,107,71,116,145,132,136,95,146,65,122,103,92,111,79,131,97,138,51,106,82,116,106,86,90,113,66,75,107,115,107,110,68,79,89,143,107,118,137,122,146,118,81,101,123,131,75,101,112,143
100,57,95,92,100,87,50,54,100,100,87,100,100,100,100,100,72,61,98,77,100,100,100,100,100,81,100,100,100,100,100,100,100,100,100,100,65,69,74,100,100,96,100,100,73,46,96,100,92,100,100,100,72,100,100,100,100,89,100,73,100,100,85,48,90,100,100,45,85,84,100,93,100,100,100,100,100,100,28,100,100,65,100,100,100,100,100,97,100,100,100,100,88,100,82,100,100,100,81,100,100,100,95,100,79,100,100,100,100,100,100,100,91,100,79,90,100,100,100,100,100,100,74,100,71,100,100,100,100,100,100,88,93,72,100,56,100,100,100,100,100,45,72,100,100,100,100,83,79,100,79,89,41,100,100,100,100,34,100,100,100,100,96,100,100,46,80,66,100,80,94,100,100,100,100,100,87,36,97,100,80,96,100,100,100,100,92,100,100,100,100,100,100,90,72,82,100,87,100,100,56,100,100,100,100,100,92,100,100,64,92,87,87,94,100,100,100,66,100,90,100,86,100,100,30,100,57,100,76,86,82,71,100,100,100,100,97,100,100,100,97,42,48,100,100,100,100,100,35,70,87,100,63,71,100,61,32,100,44,100,100,98,41,48,100,100,88,100,100,100,76,90,100,100,100,100,100,100,91,100,14,100,84,100,70,92,100,100,100,100,100,97,79,91,93,100,100,100,100,100,100,100,100,100,100,100,90,100,64,100,75,100,100,99,98,100,89,100,100,98,100,100,62,100,100,94,100,69,100,95,100,100,98,100,100,50,100,100,100,78,56,96,100,100,100,100,100,92,100,66,93,77,100,100,47,100,100,100,100,79,100,72,100,76,100,54,100,81,100,71,100,100,100,100,93,100,66,100,100,94,100,76,100,100,100,52,99,86,100,96,86,88,100,65,78,100,100,100,100,66,82,82,100,100,100,100,100,100,100,90,94,100,100,73,100,100,100
