worker_id,name,city,state,zipcode,ssn,age,email,phone_number,salary,birth_date,iq,scs,hire_month,hire_year,current_latitude,current_longitude,license_plate,productivity
68Ip281,Joshua Johnson,Atomic City,ID,41185,193-42-0647,38,jjohnson@byui.edu,398.608.1374x3952,115000,1983-9-23,113,941,10,2017,-40.630868,-105.655209,1CD 928,73
1Fk48VH,Catherine Kent,Culdesac,ID,38924,048-33-4357,58,ckent@byui.edu,(502)485-3779x934,104000,1964-2-1,111,795,1,2010,-10.624632,-3.921271,40-AC84,66
8zGXfXD,Christopher Lopez,Ammon,ID,83093,337-11-1984,59,clopez@byui.edu,439-219-3616x35722,95000,1963-2-9,121,855,7,2012,-33.412715,113.610722,LDR 775,69
MR3j9s3,Megan Taylor,Atomic City,ID,39448,893-70-3849,51,mtaylor@byui.edu,023.455.0938x702,104000,1970-10-18,121,797,3,2018,-31.3333175,75.55422,401 NHU,93
29V4CF3,Jeffrey Anderson,Hayden,ID,4404,037-23-3902,68,janderson@byui.edu,(842)532-8644,115000,1953-8-5,119,925,3,1991,-24.7346445,100.539921,SDR7609,78
s7tZx8r,Krystal Taylor,Caldwell,ID,61426,191-15-7816,53,ktaylor@byui.edu,331-584-2040,94000,1969-2-18,126,871,2,2003,-54.116294,-9.854441,578 QD3,71
vvSFm3L,Paul Burgess,Firth,ID,27448,705-80-7923,58,pburgess@byui.edu,982.782.7227x9209,97000,1964-3-20,97,882,4,1997,4.707226,129.553988,0-2077S,55
Y69PwW6,Travis Conner,Hamer,ID,4637,006-06-3748,49,tconner@byui.edu,795.232.9140,71000,1973-6-24,117,786,7,2019,54.382549,-27.863434,OJB 498,58
VAuq292,Isaac Cardenas,Chubbuck,ID,56566,318-81-4301,58,icardenas@byui.edu,+1-415-924-3492,123000,1963-11-21,108,895,6,2014,-6.303784,37.970669,JNO-422,80
6bLG48g,Adam Evans,Wallace,ID,97109,197-69-1953,45,aevans@byui.edu,674-720-3073x2395,75000,1976-10-16,95,942,5,2008,88.141522,-126.218627,YVL-359,89
K4Nzys5,Anthony Griffin,Dalton Gardens,ID,79158,074-74-8626,38,agriffin@byui.edu,001-565-836-4664,84000,1984-1-7,122,761,4,2022,-69.701501,-29.43943,ADB M91,60
9G0fg1o,Evelyn Johnson,Ucon,ID,95557,627-11-4230,43,ejohnson@byui.edu,782.652.4995,81000,1979-4-12,118,768,7,2021,-64.580335,-3.468236,KCD 096,90
ip40EHS,Hannah Mann,American Falls,ID,3301,149-41-2953,37,hmann@byui.edu,257-400-9916,119000,1984-8-12,111,823,1,2022,45.1736275,70.516616,3359 NR,84
C2yf1c2,Vanessa Shaw,American Falls,ID,32188,697-55-9134,67,vshaw@byui.edu,150.685.3366,97000,1955-4-20,127,928,6,1984,66.2869765,166.031757,AE9 N9U,71
4565f2s,Thomas Larson,Minidoka,ID,54444,625-52-3804,60,tlarson@byui.edu,001-837-533-3824,116000,1962-2-4,112,784,3,2001,-86.8211385,113.045823,5XE 029,96
GDeBY28,John Cole,Harrison,ID,58371,473-51-4529,40,jcole@byui.edu,770-539-8949x78448,100000,1981-11-12,128,855,9,2022,-26.420105,59.216244,087-JZG,54
8ou4p37,Mrs. Dawn Stephens,Twin Falls,ID,85861,498-99-0106,54,mdawn@byui.edu,1364484248,76000,1968-3-11,98,942,4,2000,-53.117522,-57.670891,303 PVX,88
HZQaIkH,Mark Collins,Hayden Lake,ID,79796,135-85-7594,64,mcollins@byui.edu,(218)109-1188,80000,1958-6-9,112,807,6,1987,-24.3325415,-158.967901,PPC-766,51
Z656mx7,Sharon Simon,Burley,ID,64021,650-99-4512,40,ssimon@byui.edu,(664)624-6548x28765,122000,1982-5-1,105,771,8,2022,-8.3166825,125.259315,60SK2,79
o0hDy4x,Samantha Maynard,Mullan,ID,16310,123-68-2220,50,smaynard@byui.edu,3679600722,111000,1972-1-3,96,895,10,2007,-59.23351,-135.829502,113W6,52
26VVmpn,Jamie Watkins,Carey,ID,94054,043-48-7254,42,jwatkins@byui.edu,586.292.2070x7652,82000,1980-4-14,128,862,4,2018,-62.1474985,-47.035681,VDQ-417,74
xETe2f1,Kyle Castillo,Lake Jennifer,Indiana,97032,649-30-7150,51,kcastillo@byui.edu,4233957654,78000,1970-9-2,124,749,1,2003,-27.029146,-165.770732,508FZ,73
nXUml0N,Eric Hall,Kendrick,ID,40787,530-70-8026,42,ehall@byui.edu,(964)279-4034,102000,1980-3-5,103,922,11,2017,-14.983635,-83.678646,4BC E67,66
x9id303,Mark Snyder,Hailey,ID,49519,313-13-2113,47,msnyder@byui.edu,131.652.3866,99000,1975-3-19,101,843,4,2012,-76.7501425,43.52384,232041,77
7ZpL2XA,Kenneth Taylor,Stites,ID,80889,618-14-4817,63,ktaylor@byui.edu,742-075-1445,74000,1959-6-25,128,883,2,1991,39.3956035,9.804078,KJ 16580,86
s9O8rhs,Lawrence Wright,St. Maries,ID,30719,732-50-8985,63,lwright@byui.edu,+1-421-438-9259,115000,1959-3-1,128,757,11,2009,-68.6003155,152.029694,122-QRP,62
OGja3QO,Bailey Cook,Post Falls,ID,4594,527-25-4084,55,bcook@byui.edu,372.571.3639x278,117000,1966-11-27,125,765,9,1997,80.0144215,131.81241,989-HRD,98
NxzQ6I1,Margaret Lopez,Moyie Springs,ID,1099,007-87-1895,51,mlopez@byui.edu,282.623.0473x267,104000,1970-11-18,126,870,5,2012,-65.493498,76.672749,1HJO534,83
uIYY1Ji,Amy Reeves,Malta,ID,33423,549-05-3866,51,areeves@byui.edu,+1-132-288-1566,121000,1970-8-17,114,758,10,2017,-21.063939,149.519307,74E V53,94
xH41G0k,Kim Lopez,American Falls,ID,35136,675-94-8896,67,klopez@byui.edu,+1-040-639-1603x9277,108000,1955-1-27,100,925,6,1989,-17.2756595,149.125623,1V791,70
boxw63g,Erin Rodriguez,Ponderay,ID,37169,643-05-1843,43,erodriguez@byui.edu,(911)324-1942x5266,92000,1979-6-4,95,796,6,2010,51.3409695,113.425105,7I133,85
2nZ9UYy,Sarah Stuart,Blackfoot,ID,20369,583-63-2570,40,sstuart@byui.edu,(738)926-7329,117000,1982-1-9,96,776,4,2020,54.3026755,150.405858,397 ASV,68
pB7u2aI,Barbara Edwards,Clayton,ID,60667,284-64-7252,69,bedwards@byui.edu,001-521-226-6197x6327,74000,1953-2-22,108,795,5,1988,-22.4321305,94.157298,9WH Q85,69
kzeZe49,Kristin Anderson,Rigby,ID,27891,263-35-9537,65,kanderson@byui.edu,009-104-7697,109000,1957-5-14,129,794,7,1987,-54.4181985,105.642656,ZGF-428,81
Mb1h17C,Pamela Mcconnell,Cottonwood,ID,18124,878-67-0614,61,pmcconnell@byui.edu,315-073-2163,109000,1960-10-23,105,782,11,1992,-14.4479955,106.860032,A77 4SK,65
h708B65,Heather Figueroa,Horseshoe Bend,ID,31089,049-12-5949,56,hfigueroa@byui.edu,(817)728-5997x8070,109000,1966-5-11,113,865,11,2014,55.8992505,156.90371,189 QT8,50
EXx56Iq,Thomas Robinson,Island Park,ID,37934,855-06-0946,37,trobinson@byui.edu,001-294-303-4149,76000,1984-9-1,102,783,5,2022,-28.651811,-53.84049,158 IXG,59
wiWR17P,Krystal Brooks,Rupert,ID,9085,894-90-8665,48,kbrooks@byui.edu,(955)359-5209,104000,1974-5-3,104,796,6,2013,-50.638012,123.62025,WZC-5612,63
JX7NFfs,Joseph Greer,Albion,ID,36660,460-84-7784,60,jgreer@byui.edu,905-717-3290x035,77000,1962-6-14,111,814,5,1994,-55.6958655,-154.445959,2-K8640,65
V2liMCG,Brad Whitaker DDS,Culdesac,ID,28936,721-01-8170,46,bwhitaker@byui.edu,001-428-524-5422x2156,101000,1976-1-22,99,934,9,2014,79.5935505,104.185672,MZA 055,93
bFR69m5,Steven Barker,Genesee,ID,17590,693-22-9082,37,sbarker@byui.edu,001-381-587-2574x42360,119000,1984-7-2,110,761,12,2022,-48.496554,-11.314887,3-76078,80
YW9b4N6,Michael Wheeler,Lewiston,ID,79686,753-32-3936,68,mwheeler@byui.edu,+1-742-793-1785,93000,1953-9-7,116,785,9,1995,-81.9173775,176.799241,4J 0I3XBI,73
9kt9464,Caitlin Johnson,Priest River,ID,44411,355-87-7691,69,cjohnson@byui.edu,593-413-1599x51776,79000,1953-4-16,103,769,5,1998,88.2532785,54.915971,KYR 272,73
j5Jg4y9,Tanya Fisher,McCammon,ID,99217,338-15-0370,38,tfisher@byui.edu,7213702591,102000,1984-3-14,110,778,5,2022,-86.540027,-150.175472,741 VLS,95
r32sfY2,Nancy Garcia,Ryanland,Connecticut,82800,891-89-6862,51,ngarcia@byui.edu,001-564-504-4701,121000,1970-9-21,115,917,11,2006,53.460216,-163.439044,CP1 L2Q,73
85Ii48J,Scott Stevenson,Glenns Ferry,ID,1548,479-24-3633,49,sstevenson@byui.edu,311-612-1675,110000,1973-4-14,128,794,6,2005,-87.846684,140.596918,1ID N39,82
KLsA1lH,Michael Mendez,Homedale,ID,29627,481-46-6770,42,mmendez@byui.edu,001-316-551-0566,121000,1979-7-19,126,738,4,2022,-58.598979,-47.32085,74-33061,63
x2SbaCa,Heidi Robinson,Buhl,ID,13998,266-96-3325,45,hrobinson@byui.edu,0842946510,123000,1977-6-9,128,729,8,2022,-72.4362225,-150.977363,591 XH8,84
kdKymm8,Christopher Harris,Ammon,ID,25439,603-95-6954,66,charris@byui.edu,9788760931,71000,1956-5-23,117,735,4,1985,-4.9968105,70.095134,734-TJI,70
tRe2Xfp,Jamie Mills,Ketchum,ID,78549,001-49-0283,40,jmills@byui.edu,706.263.0478,114000,1982-2-4,121,728,8,2022,57.0776085,164.201432,837781,91
ll5skv3,Adam Estrada,Wardner,ID,25630,118-66-1830,46,aestrada@byui.edu,498.144.8051,73000,1976-2-26,125,775,1,2019,47.413867,-66.389722,R84-BUS,94
8w4yvK1,Sarah Turner,White Bird,ID,10440,896-12-2343,42,sturner@byui.edu,6958948339,101000,1979-9-14,123,851,5,2012,-5.77563,-2.137524,V80 7LU,71
ZU8g2CH,Sean Gonzalez,Bloomington,ID,32375,875-72-7192,47,sgonzalez@byui.edu,+1-384-834-4574x166,91000,1975-2-15,113,812,1,2006,21.580944,-163.139469,046 KJF,66
60M8lR0,Natasha Holt,Ponderay,ID,90034,522-43-7488,52,nholt@byui.edu,345.026.6844x05749,105000,1969-7-27,125,829,1,2013,-12.8560765,-115.17423,4NM E65,100
4n0476N,Brittney Marshall,St. Anthony,ID,30187,451-44-7339,70,bmarshall@byui.edu,001-874-575-7804x37025,117000,1952-3-18,108,947,6,2001,63.526489,28.448577,MJL 611,60
W1maC69,Gregory Woods,Hamer,ID,56051,772-62-3307,51,gwoods@byui.edu,997.151.1505x0188,115000,1971-5-19,103,873,11,2001,-72.030477,-96.54132,419 3PF,99
5v96CHg,David Acevedo,St. Maries,ID,75988,298-85-7547,62,dacevedo@byui.edu,+1-428-721-2535x07849,99000,1960-6-24,98,786,4,1992,84.1964835,85.026075,728 MOD,85
DgaO09R,Elizabeth Johnson,Mackay,ID,98975,798-37-1434,45,ejohnson@byui.edu,113-319-9368,115000,1976-10-19,119,879,8,2006,-62.8472485,-157.98459,413817,54
68m5Cbm,Joanna Russell,Ririe,ID,89041,213-13-4323,48,jrussell@byui.edu,3092941098,75000,1973-9-22,120,894,9,2008,-7.9517315,-81.639478,01Q�883,89
d90m0fW,John Knight,Marsing,ID,47289,606-32-3567,49,jknight@byui.edu,056-876-4824x619,108000,1972-9-6,103,753,5,2022,62.054296,32.843316,8GV 304,73
2x1XA8S,Mario Ortiz,Grangeville,ID,23218,581-97-1255,45,mortiz@byui.edu,001-488-654-8532x337,85000,1976-9-9,103,830,10,2013,49.2134955,-66.745478,954 WTF,74
8stMejB,Jasmine Taylor,Wendell,ID,16690,273-89-5735,41,jtaylor@byui.edu,992.520.6452x03044,88000,1980-11-19,121,843,10,2013,-60.784709,-1.47561,D59 2OQ,60
3015bHG,Kayla Oneill,Butte City,ID,98153,433-98-9433,43,koneill@byui.edu,767.642.7051x2424,93000,1979-5-25,122,823,6,2022,70.4467705,70.448976,37H U92,63
QF7q4JX,Crystal Mcintosh,White Bird,ID,27406,770-50-9092,46,cmcintosh@byui.edu,2523699201,99000,1976-2-26,127,826,10,2005,-17.058602,7.708315,RXS9296,66
864173e,Karen Martin,Ponderay,ID,41461,258-39-8767,48,kmartin@byui.edu,882.396.9978x552,113000,1974-2-7,109,878,6,2013,-71.6631945,171.463172,Y37 1YA,73
TX7Ga17,Megan Bauer,Eden,ID,74687,877-41-8792,49,mbauer@byui.edu,001-120-789-5658x57069,103000,1973-1-7,128,946,2,2017,-0.422017,35.82167,ECW-562,54
0R7xONz,Nathan Cox,Leadore,ID,61009,833-78-1612,46,ncox@byui.edu,(201)896-6765,119000,1975-8-20,96,936,3,2022,26.93438,-134.729844,781 USZ,84
7D23bVM,Mark Montoya,Minidoka,ID,70105,715-27-2786,63,mmontoya@byui.edu,571-836-4049x647,108000,1959-3-23,121,726,3,2009,58.6226005,-141.421245,9L 9X9VIQ,100
CwzMO5t,Alec Vargas,Weippe,ID,76958,551-34-8056,55,avargas@byui.edu,+1-221-100-1814x413,84000,1967-6-13,120,926,10,2003,-43.287113,124.394154,WED3781,53
9H9Bf3N,Sandra Parker,Hope,ID,19598,306-35-3483,48,sparker@byui.edu,363.640.7851,108000,1974-3-2,105,793,9,2022,-71.217357,-93.972239,ZMV-986,67
58wF4k4,Janet Lane,East Christophermouth,Nevada,12330,345-15-3886,38,jlane@byui.edu,(034)016-0221,119000,1984-4-8,121,730,11,2019,58.9697585,-27.960687,321 2MC,100
ZWvh0d7,Deborah Garcia,Harrison,ID,49861,469-13-9074,43,dgarcia@byui.edu,001-828-893-6464x22132,83000,1978-10-3,113,935,11,2022,-26.570297,-59.15835,C66 3RH,82
XGN03eU,Alisha Brooks,North Michaelfort,Delaware,11416,589-99-2064,68,abrooks@byui.edu,513.426.5256x3084,122000,1954-2-10,123,799,12,1984,-86.851028,8.338799,ARS 631,82
HWH7W8A,David Dodson,Mullan,ID,29365,583-77-7889,40,ddodson@byui.edu,(860)299-2908x8074,118000,1981-8-3,129,834,4,2015,-80.521362,-41.193121,OKJ 143,67
315Qu3a,Rita Landry,Hayden,ID,77467,640-50-0884,51,rlandry@byui.edu,(673)708-2362,104000,1970-11-26,128,898,6,2018,-58.8524325,173.932067,166 YXJ,77
CXD3A32,Peter Compton,Notus,ID,89677,404-66-5733,63,pcompton@byui.edu,(231)424-5423x915,115000,1959-3-12,120,773,1,2003,61.9605585,55.163139,608 JON,79
8eFsQwW,Jennifer Kennedy,Winchester,ID,59169,741-34-0033,41,jkennedy@byui.edu,240.922.1124x19065,104000,1981-4-24,111,941,7,2012,-48.763103,140.435489,265QJ,86
OSny2Uo,Daniel Jones,Fernan Lake,ID,56214,161-40-3997,60,djones@byui.edu,8003169722,119000,1962-5-21,117,736,11,1992,-56.1016105,34.841606,A80 5YZ,67
mX3z8WA,Kathleen Wilkinson,Huetter,ID,15724,783-77-0938,45,kwilkinson@byui.edu,+1-494-437-9535,70000,1977-3-6,97,899,11,2022,-32.598771,-45.644061,7LPJ562,74
Mi01JA6,Shannon Castro,Leadore,ID,12425,136-04-7603,69,scastro@byui.edu,343.648.0736x4510,98000,1952-10-16,105,897,3,2001,-67.2011755,-65.919763,OV 2239,89
dHLlb27,Katelyn Bean,Troy,ID,94081,356-10-7790,59,kbean@byui.edu,001-115-280-4558,92000,1962-10-11,117,913,12,1996,42.758743,-166.119703,5CY 149,72
jFZvf86,Curtis Bird,Ammon,ID,96633,171-37-5030,37,cbird@byui.edu,6946654712,92000,1984-9-17,112,743,7,2022,82.955663,68.949462,9330 MB,48
4T05jKv,Charles Harper,Cottonwood,ID,20544,192-35-6919,54,charper@byui.edu,(518)794-1113x99808,116000,1967-7-22,103,945,2,2011,51.517308,65.906993,764 MT5,79
D759Vs0,David Stephens,Cambridge,ID,47392,897-56-2540,60,dstephens@byui.edu,716-296-5107,105000,1962-4-2,127,926,3,1999,-75.2874295,5.444586,0PI 258,77
c4sy6qs,Aaron Keller,Heyburn,ID,57613,084-82-5632,51,akeller@byui.edu,480.393.9327x62753,110000,1971-6-18,108,742,4,2008,83.9820135,141.775387,23-XK58,88
LguiPh7,Melissa Allen,Wendell,ID,4363,020-10-8257,64,mallen@byui.edu,923-792-0138x56599,96000,1958-1-21,112,837,5,1989,55.911382,-87.756528,40-FE71,80
9EOW215,William Ford,Horseshoe Bend,ID,51986,721-98-2382,47,wford@byui.edu,633.419.9688x1340,71000,1974-8-20,117,742,5,2014,44.519677,151.388792,5R K6086,83
anp9vSG,Eric Sims,Elk River,ID,29579,796-67-7225,66,esims@byui.edu,483-047-9040x1786,122000,1955-10-2,117,835,4,1989,-43.5226405,97.785093,569Q9,65
RtXen8W,Brandon Potter,Mountain Home,ID,85100,377-80-3947,54,bpotter@byui.edu,001-073-058-1481x4000,97000,1967-8-5,97,751,8,2003,7.1999625,-128.151686,2-X7609,78
fxN5aNw,Tanya Peterson,Victor,ID,1922,402-84-2339,69,tpeterson@byui.edu,702-666-9687x63217,84000,1953-2-1,97,945,3,1997,86.6295185,79.207686,24-6811U,64
2h0SooE,Brent Dudley,Idaho Falls,ID,14880,538-22-6984,62,bdudley@byui.edu,(825)648-1996x075,88000,1959-9-3,113,918,5,2009,-38.25769,-41.393921,56QG824,78
c2MWtm0,Jonathan Jackson DDS,Hauser,ID,64457,609-86-2867,61,jjackson@byui.edu,253.249.5084x8319,82000,1961-5-8,109,939,2,2006,-40.0931105,109.549046,Q17 8SB,89
6HB4Ni0,Christopher Hines,Driggs,ID,29735,546-11-0174,37,chines@byui.edu,(260)910-8881x0484,76000,1984-10-8,119,839,1,2015,-88.545882,41.465475,BJA-089,73
ChrkndI,Joe Washington,Weippe,ID,25599,546-48-1948,59,jwashington@byui.edu,163.032.9029,118000,1963-4-6,125,928,11,1992,51.288938,127.389756,569607,58
6w0LmTf,Tina Stanley,Declo,ID,21684,093-47-9587,67,tstanley@byui.edu,+1-280-455-9612x180,122000,1954-9-1,116,822,12,1999,-38.1676,-100.431617,C52 4ZK,51
114v28A,Ashley York,Priest River,ID,32808,418-68-7794,48,ayork@byui.edu,001-611-041-6663,110000,1973-11-23,123,921,9,2020,29.892476,21.244135,L51 8GK,79
Wli4979,Erica Parks,Ferdinand,ID,11356,793-22-9856,52,eparks@byui.edu,001-772-313-9910x14190,85000,1969-9-3,106,767,6,2010,-52.633574,-47.095307,66-I361,88
H0nWZkB,Stephanie Harris,Rockland,ID,91152,295-67-3693,47,sharris@byui.edu,+1-679-451-2043,113000,1975-6-21,125,891,1,2022,63.959841,-148.835371,092 CZA,83
Dhciai7,Colin Davis,Soda Springs,ID,59983,628-92-0566,62,cdavis@byui.edu,0392821695,82000,1959-8-17,109,792,5,1996,-24.669996,-130.344596,9508,84
FGIx7hA,John Johnson,Reubens,ID,89223,777-01-8647,45,jjohnson@byui.edu,+1-731-049-5188x492,99000,1977-3-12,115,741,6,2022,-29.937849,-115.702311,TFY-5992,78
3LP7FaK,Heather Shepard,Plummer,ID,941,417-32-9864,56,hshepard@byui.edu,+1-973-035-5131x94803,107000,1965-7-4,110,901,9,2004,28.8778495,98.68735,MTO 154,80
2f88f9s,Chase Davis,Lake David,Utah,46329,434-48-1677,55,cdavis@byui.edu,001-098-641-5655x142,124000,1966-7-24,123,804,9,2007,-83.82779,8.658639,5DI 871,94
Fnh95nR,Tina Coffey,Marsing,ID,23168,072-82-5308,44,tcoffey@byui.edu,001-702-132-4798x409,115000,1978-3-11,123,754,2,2022,80.2184875,54.865387,ZLL 589,71
GLBr8Za,Jeffrey Holloway,Elk River,ID,37047,272-63-4255,41,jholloway@byui.edu,001-699-706-5874x5309,80000,1981-1-26,121,839,9,2020,-82.463743,-106.932447,EVK 428,98
1VHv72l,Bradley Johnson,Bonners Ferry,ID,59818,168-52-9406,51,bjohnson@byui.edu,445.269.8424x930,88000,1970-10-11,99,905,6,2008,-53.400932,-45.968071,763 GHN,73
xAihlEv,Alicia Price,Hagerman,ID,61147,013-27-7682,60,aprice@byui.edu,576.026.9760x6210,83000,1961-11-4,95,827,6,1998,12.3838585,-131.339192,IVC4187,86
ueQ81zw,Devon Garcia,Warm River,ID,91853,464-08-6532,55,dgarcia@byui.edu,001-569-161-2436,87000,1966-9-2,127,783,2,2008,12.6490705,80.442932,9WR29,83
R56qP95,Marisa Peterson,Elk River,ID,98020,832-46-1529,46,mpeterson@byui.edu,864-312-9067x06695,115000,1976-4-3,109,895,10,2010,85.351839,81.229385,ZWA 544,64
L54I3aM,Jesse Stewart,Kootenai,ID,77781,151-34-4536,55,jstewart@byui.edu,001-257-117-3401x60592,117000,1966-10-13,104,924,4,1998,16.599662,126.366529,630 CUQ,60
4CJ5JIM,Brandy Hall,Rexburg,ID,82890,184-97-7055,45,bhall@byui.edu,396-119-1418,105000,1976-7-8,129,918,4,2007,-62.1183745,113.602513,SHC-482,60
1bTl9L8,David Cochran,Sandpoint,ID,2887,471-04-9601,46,dcochran@byui.edu,111-406-7708x665,90000,1976-1-13,112,900,6,2007,-76.2190395,-24.257781,VYF5364,61
NNQggu4,Matthew Johnson,Clark Fork,ID,50547,522-55-0421,62,mjohnson@byui.edu,836.064.2268x0148,124000,1960-2-2,108,930,11,2007,37.1094105,-133.524303,KLV-008,76
e6p0Ly7,Micheal Barton,Idaho Falls,ID,8358,128-79-8358,63,mbarton@byui.edu,(482)582-8119x880,78000,1959-2-17,103,733,9,2009,-6.2801585,-165.646249,6UP P90,56
uqC1vwY,Justin Riley,Grace,ID,69255,709-01-4910,43,jriley@byui.edu,001-170-360-0831x750,107000,1979-5-22,122,847,8,2022,-86.276524,50.134668,YF7 H4B,72
4Ep461J,Jerome Davis,Peck,ID,42846,291-64-5668,59,jdavis@byui.edu,609-732-7937x50298,112000,1962-11-16,117,922,11,1999,-49.8265185,-133.652319,492-ZOBK,56
a4p46gf,Angel Nelson,Meridian,ID,47196,599-76-9243,48,anelson@byui.edu,580-048-9703x881,102000,1974-1-2,113,882,8,2003,64.8112615,121.533166,954 NRK,79
sDPil76,Michael Reed,Idaho Falls,ID,38176,825-97-4196,41,mreed@byui.edu,001-025-730-7445,98000,1981-5-8,124,755,9,2022,-67.92524,-17.406606,820ILI,52
8cP8hl1,Alex Flores,Malad,ID,57919,508-92-4767,41,aflores@byui.edu,108-605-7962,74000,1980-9-9,128,905,5,2019,-23.9373825,-107.312014,6TL P12,76
3o7b24a,Faith Sanchez,Emmett,ID,92786,206-53-3435,49,fsanchez@byui.edu,556-293-7349x670,77000,1973-5-14,99,854,4,2022,-61.686439,100.087001,227-ICXO,54
G41fqxQ,Danielle Chavez,Malad,ID,16489,231-21-1478,54,dchavez@byui.edu,7115138410,78000,1967-11-21,124,864,2,2014,-21.8424835,42.286933,GFZ-8851,70
LP71UOW,Christine Marquez,Jenniferport,Nebraska,93407,181-73-1016,47,cmarquez@byui.edu,739.465.9694x321,123000,1975-2-4,103,783,5,2007,27.9441575,-16.23096,QLN 548,93
41HGBea,Daniel Garcia,Deary,ID,57424,837-84-6057,68,dgarcia@byui.edu,001-301-354-0482x160,119000,1953-11-19,116,825,1,2002,89.2794685,1.61294,QOH 092,85
WNKBpkX,Gary Perez,Hayden Lake,ID,84866,487-84-5748,69,gperez@byui.edu,+1-563-577-9816x90180,104000,1952-8-9,125,783,4,1991,-43.927063,110.581528,FSB 004,77
z6774W3,Daniel Gibson,Firth,ID,67826,327-59-5914,45,dgibson@byui.edu,+1-838-877-7523x721,113000,1976-9-1,113,815,2,2022,9.0422955,-143.219851,686TOQ,79
2iQ3klx,Mr. Patrick Peck,Sandpoint,ID,77059,329-58-3547,56,mpatrick@byui.edu,0572440823,113000,1966-1-23,99,728,2,2011,41.4387195,-139.849378,MHA 382,55
lEu1DB2,Kimberly Smith,Donnelly,ID,41115,561-50-1195,56,ksmith@byui.edu,(986)465-8607,117000,1965-9-26,97,772,3,2004,83.9171035,9.999499,UK 9204,70
XT7b3VP,Ashley Patterson,Ashton,ID,53441,333-01-7463,55,apatterson@byui.edu,001-214-042-4677x4150,83000,1966-8-23,107,797,12,1999,10.7774345,17.070963,722705,95
ArGxuj2,Jacob Guzman,South Thomasport,Alaska,70746,821-87-3425,59,jguzman@byui.edu,001-000-409-4496,111000,1962-8-18,109,791,4,2012,-14.5731565,28.184063,13O 7904,72
4W0UJS2,Timothy Brown,Notus,ID,66903,664-54-1196,66,tbrown@byui.edu,(043)021-1106,81000,1955-8-25,121,891,8,1999,-26.31036,-93.673137,27K�088,62
ShZTS11,Crystal Green,Hagerman,ID,29303,846-57-2574,50,cgreen@byui.edu,001-201-396-6000x6923,85000,1972-2-12,104,887,5,2015,-62.768388,-120.564825,9-H0094,97
8p41P5p,Jenna Cantrell,Sugar City,ID,35278,650-06-5351,60,jcantrell@byui.edu,909-603-5645x8588,108000,1962-6-9,127,907,8,1994,5.078584,74.181448,89N C01,87
HP8F2L6,Anne Phillips,New Meadows,ID,85065,245-62-5475,48,aphillips@byui.edu,+1-251-956-3953x5268,112000,1974-2-6,120,873,2,2022,-18.166379,-71.787678,6WO 358,93
gJZ9G6p,Douglas Bowen,Worley,ID,57472,385-55-8305,65,dbowen@byui.edu,001-899-070-4119x87520,121000,1957-4-19,96,865,11,1987,-65.2389055,162.530862,422 3GM,71
3s350LN,Bryan Hawkins,Hazelton,ID,61620,790-50-5303,41,bhawkins@byui.edu,928-843-5718x733,112000,1980-8-27,119,897,7,2010,12.868735,-37.195156,IQP 430,55
o8aSWcW,Joshua Rose,Ririe,ID,80039,847-63-9314,39,jrose@byui.edu,(716)837-9585x3660,115000,1983-3-8,102,936,7,2016,29.522748,-63.242576,35C 440,61
CB04471,Laura Moore,Warm River,ID,98637,368-93-8589,48,lmoore@byui.edu,601-010-6630,110000,1974-4-4,106,822,2,2005,66.0461875,-57.235296,KKL-7800,70
kzWfj8k,Matthew Rangel,Lewiston,ID,59308,642-38-0738,54,mrangel@byui.edu,+1-142-220-0535,115000,1967-7-18,104,756,12,2006,16.6729725,-89.500421,FTW9444,89
MBO49Y6,David Gonzalez,Basalt,ID,45949,711-35-8687,45,dgonzalez@byui.edu,001-422-188-5718x671,101000,1977-3-8,116,725,11,2021,-85.9549415,54.742529,F39 9GX,82
21E6N3r,Samantha Mcfarland,North Elizabethland,Montana,71664,085-99-5969,49,smcfarland@byui.edu,+1-974-674-9506,106000,1972-7-10,129,763,9,2013,5.495703,-117.01538,REJ 560,87
5FA7sM0,Justin Smith,Grace,ID,83454,465-66-1158,47,jsmith@byui.edu,001-065-847-4770x78665,72000,1974-7-8,114,915,2,2021,64.6198145,-94.647931,KUL 229,78
5147AbX,Erika Johnson,Salmon,ID,7555,444-21-0614,49,ejohnson@byui.edu,+1-081-637-5595,119000,1972-8-10,105,943,10,2020,-82.034922,148.586122,VSL-6978,89
h3od85f,Tiffany Bird,Greenleaf,ID,10063,712-82-4984,61,tbird@byui.edu,001-463-383-1582x412,85000,1960-11-25,103,746,3,2009,60.8683,175.810272,UNK 775,61
17M9b4n,Dawn Butler,Jorgeport,Arizona,46880,790-69-1424,46,dbutler@byui.edu,+1-693-654-4513x097,74000,1975-7-6,119,776,12,2005,-67.004676,-108.784358,85-6619N,90
jbHzKH1,Ryan Patel,Malta,ID,1560,154-81-7420,55,rpatel@byui.edu,+1-458-379-5217x72007,102000,1967-2-8,96,873,10,2005,11.048009,-175.288805,2FI G94,65
LEW19dr,Charles Beck,Chubbuck,ID,81785,345-41-6344,55,cbeck@byui.edu,001-938-791-3158,70000,1966-10-10,98,897,10,1996,-3.2170345,92.682595,305 WVU,77
I6c25EP,Johnny Hall,Stites,ID,90365,634-92-0139,39,jhall@byui.edu,(498)444-5883,100000,1982-10-13,113,745,11,2021,86.6198375,-18.006251,EZX 565,87
qyLiXJY,Raymond Juarez,Roberts,ID,13375,847-41-5979,39,rjuarez@byui.edu,001-618-469-3423,108000,1983-1-13,108,909,12,2022,53.268551,-157.515412,2BF1660,80
W4KtH1Q,Steve Thompson,Ferdinand,ID,7981,041-49-3887,44,sthompson@byui.edu,001-509-255-8176x88103,101000,1978-3-14,128,764,12,2022,75.9019235,-139.770744,160-DJO,84
eqGmFe1,Carolyn Garcia,Crouch,ID,43084,114-59-3075,66,cgarcia@byui.edu,325.821.8022,79000,1955-9-27,127,894,9,1985,-11.8596305,78.772287,HJP0566,56
3wPfJ73,Sharon Sanchez,Shoshone,ID,50087,208-99-9686,44,ssanchez@byui.edu,447.952.8610x81841,91000,1977-11-3,117,940,6,2016,-57.729968,3.649028,615 VXL,63
mfYmdee,Joshua Martinez,Huetter,ID,43385,851-25-4720,64,jmartinez@byui.edu,232-854-7318x354,84000,1958-1-2,127,790,9,1991,-26.05025,-94.556556,209 OPN,61
4FVd16Y,Stephanie Hardy,Shelley,ID,91115,471-32-9879,65,shardy@byui.edu,001-890-017-6581x2445,116000,1957-6-14,110,733,1,1986,17.787436,70.526366,0-6592R,84
Puv51tv,Amanda Peterson DVM,Wendell,ID,74759,301-04-5214,61,apeterson@byui.edu,749.827.9589x413,83000,1961-5-20,123,900,6,2004,78.46929,-12.324057,154LLO,57
2EVa37M,Michelle Aguilar,Dubois,ID,66364,193-29-7703,64,maguilar@byui.edu,248.889.4989,86000,1958-3-9,124,932,6,2003,46.649984,-128.510432,F89 3ZY,91
wI1D7F8,Zachary Martinez,Culdesac,ID,8365,347-30-5891,57,zmartinez@byui.edu,001-855-889-3401x05963,81000,1965-3-12,126,725,4,2009,61.0596075,-154.458884,611 PLJ,87
bAE45er,Linda Gonzalez,Rathdrum,ID,74897,619-98-6768,67,lgonzalez@byui.edu,(509)742-6938x9387,80000,1954-8-4,107,899,5,2000,48.4735335,-51.56503,510 CHB,81
UE5f0p3,Anthony Kim,Garden City,ID,17382,880-92-3864,50,akim@byui.edu,001-386-691-4157x122,97000,1971-7-7,101,794,8,2005,2.1720435,176.129419,8H 2798V,81
aowXRyF,Nancy Powell,Oxford,ID,91318,316-42-7321,57,npowell@byui.edu,+1-447-416-7494x932,97000,1964-10-3,108,792,11,2008,74.02562,-88.931669,28-MV18,68
697KAQ7,Matthew Young,Mackay,ID,63862,756-44-0858,66,myoung@byui.edu,980.257.2298,81000,1956-3-8,101,836,1,1999,61.6469115,-86.369451,74-2720W,98
do5S8od,James Morales,Mud Lake,ID,39968,763-67-2559,61,jmorales@byui.edu,(013)959-9682x10320,93000,1961-4-6,100,814,11,1995,-60.2046635,113.955182,LYJ-5047,66
mG6mJl9,Justin Pierce,Post Falls,ID,83899,696-93-1610,47,jpierce@byui.edu,373-277-6621x0058,114000,1975-3-4,123,835,5,2015,-51.6179555,29.673619,9-27967Q,90
3909Q5f,Kim Pham,Idaho Falls,ID,33753,497-74-0921,61,kpham@byui.edu,+1-168-762-6380x9060,123000,1960-10-12,101,889,7,2004,-76.456907,-84.999387,X49 5AV,60
9H2Ng21,Tonya Schmidt,Pierce,ID,42186,394-79-8240,56,tschmidt@byui.edu,610-748-3414x70780,119000,1966-6-7,117,874,11,2016,14.527772,98.374439,HNW 349,71
3F9Wr5X,Joseph Thompson,Paul,ID,46947,404-68-1036,68,jthompson@byui.edu,294-193-6354x63311,94000,1954-6-3,120,895,10,1985,62.0252435,82.433354,3864 JM,69
36eB2Kf,Scott Meyer,South Cassandra,Mississippi,23662,541-02-5266,52,smeyer@byui.edu,034-356-5467x624,102000,1969-11-22,106,731,1,2006,-63.6136045,-120.767772,7OT 454,100
AL8jaVN,Lori Madden,Star,ID,50630,169-02-7119,44,lmadden@byui.edu,585.744.4722x496,89000,1977-11-5,104,806,4,2020,-69.324937,171.346139,228 DGE,60
S9kwe2m,Sarah Long,Teton,ID,24609,705-56-7642,51,slong@byui.edu,737.165.3309,121000,1970-7-18,125,812,5,2017,74.8135075,15.309643,315-LEY,63
5AGN7TW,Michael Montgomery,Glenns Ferry,ID,28767,723-67-1872,57,mmontgomery@byui.edu,067.348.2877x4710,107000,1965-4-1,104,843,7,2014,-49.3104685,86.909241,776 6KT,78
4fLdBt4,Robert Maxwell,Lapwai,ID,89578,683-02-1179,45,rmaxwell@byui.edu,(580)793-0069,109000,1977-3-12,101,812,4,2010,6.1272405,31.831063,6-13451,81
9x08cAN,James Rose,Parma,ID,44420,565-74-5190,42,jrose@byui.edu,237-739-9693,83000,1980-3-4,125,789,7,2022,-79.5050015,-48.275453,435-ROL,76
rp5ii5L,Thomas Martinez,Crouch,ID,28718,358-32-5338,58,tmartinez@byui.edu,(050)937-4838,118000,1963-11-3,101,756,9,1996,-49.065112,101.677987,X39-OER,59
cQbwZ2z,Alan Wright,Montpelier,ID,23715,615-77-9803,70,awright@byui.edu,(492)592-3375x66407,107000,1952-6-1,118,788,12,1998,-24.6592815,-25.665924,YK 45327,71
q16M742,Emily Rogers,Troy,ID,32565,449-33-2107,44,erogers@byui.edu,+1-979-789-1713x25229,72000,1977-7-14,101,830,9,2022,72.1220255,158.982769,3D 9899C,84
X9puiNp,Sean Brown,Kimberly,ID,12365,880-75-1147,61,sbrown@byui.edu,087.478.8439x860,95000,1960-10-23,124,782,8,1992,-47.072106,54.743348,FV 3382,93
aRZFRdk,Timothy White,Grangeville,ID,81641,045-03-3593,67,twhite@byui.edu,(582)270-8204,86000,1954-9-15,129,926,11,1996,60.201095,-15.415544,190QM,85
TP8Sotv,David Poole,Hayden Lake,ID,84040,827-37-4766,67,dpoole@byui.edu,580-634-4462,120000,1954-9-14,123,830,7,2000,37.4760985,104.665452,HDB 708,66
09LOuS4,Benjamin Howe,Bonners Ferry,ID,10190,535-48-9463,46,bhowe@byui.edu,425-423-3853,85000,1975-11-21,96,757,11,2017,82.5674675,-145.411173,ZAV 920,87
JzNydoh,Keith Bender,Arco,ID,60252,147-31-2403,48,kbender@byui.edu,789.633.1306x090,90000,1974-5-20,99,758,10,2010,38.9175215,34.576089,016 LBT,55
9H9oYVA,Diane Baker,Heyburn,ID,87322,617-08-4252,57,dbaker@byui.edu,203-208-0368x6563,76000,1964-9-18,122,732,6,2001,59.1426365,-80.156237,909 OKN,59
EwD6Ej0,Timothy Velazquez,Riggins,ID,89943,499-25-5838,54,tvelazquez@byui.edu,860-192-8860x84434,121000,1967-7-3,107,888,9,1999,-19.6515705,143.695402,784N,97
kduZT21,Mark Cooper,Richfield,ID,62164,595-22-4342,52,mcooper@byui.edu,+1-615-877-0847x02874,92000,1969-10-13,113,839,4,2007,-60.0202375,-55.006126,IXI 917,65
SEu302W,Dylan Baker,McCall,ID,57169,586-03-6603,41,dbaker@byui.edu,505.169.4903x54418,80000,1980-9-12,113,799,10,2022,55.7433115,139.736848,150-711,64
o58i6hL,Jill Holland,Hollister,ID,5895,301-02-6587,51,jholland@byui.edu,188.151.4454x158,118000,1970-9-15,126,752,8,2010,58.5925475,156.392216,103 AEI,66
131n0g3,Jesse Mcdonald,Glenns Ferry,ID,15801,150-15-9448,51,jmcdonald@byui.edu,001-452-525-2068x4472,86000,1970-11-12,96,766,9,2012,-8.105743,143.840702,9CX 833,80
VsppUb0,Rachel Dean,Jerome,ID,58065,758-48-9505,68,rdean@byui.edu,(805)310-6437x01271,82000,1954-2-23,97,763,4,2001,57.331813,179.472237,HYA 425,100
1J60AnB,Christopher Mitchell,Rathdrum,ID,67404,767-31-4081,65,cmitchell@byui.edu,1102976167,100000,1957-5-8,122,855,12,1992,50.162382,-151.792904,P24-LPJ,99
P6s8gek,Kerri Bryant,Sun Valley,ID,90884,572-54-7592,61,kbryant@byui.edu,669-879-8561,80000,1960-7-26,118,878,10,2009,88.746707,-18.323149,02A�880,67
92Hnpto,Donald York,Grance View,ID,93084,073-27-8656,52,dyork@byui.edu,+1-303-437-8836x8059,115000,1970-3-21,106,907,6,2006,-60.2380205,174.753582,MFY 427,55
pmEG3hn,Brittany Robinson,Kimberly,ID,59414,492-28-9593,61,brobinson@byui.edu,(843)300-8533x4855,120000,1960-11-21,113,888,8,2010,6.5828835,-175.611836,816953,60
sfM23qV,Meghan Edwards,Minidoka,ID,60158,768-35-3120,65,medwards@byui.edu,(285)009-4522x10097,70000,1956-10-25,124,790,4,1996,49.2096055,3.429864,36G U85,87
9078OC8,Joseph Adams,Cottonwood,ID,48209,814-34-6957,64,jadams@byui.edu,(580)175-6497,100000,1957-9-25,107,841,9,2006,78.7448205,-105.434646,UQD-2387,93
5ts204O,Tiffany Thomas,Preston,ID,99124,248-45-5262,63,tthomas@byui.edu,001-704-858-7424x4725,117000,1958-11-27,104,736,8,1997,-29.739835,86.80232,81-52576,53
w3WZmlv,Paul Campbell,New Meadows,ID,62724,784-87-9054,54,pcampbell@byui.edu,(336)955-5358,109000,1967-10-19,102,905,2,2002,73.8009905,13.470913,BQX-6900,92
a9ZY3II,Nicole Leonard,Driggs,ID,50295,073-94-9159,42,nleonard@byui.edu,001-180-155-2021x64757,78000,1980-3-11,125,831,11,2009,-28.4662915,27.422342,QSE 172,65
RV8LMl5,Jeanne Richardson,Paul,ID,87786,673-18-4550,42,jrichardson@byui.edu,220.698.8656x99545,75000,1979-7-19,124,762,5,2019,-75.1470245,20.946986,QGF 195,61
WlG2F9r,Andrea Wilson,Notus,ID,67029,743-24-0949,67,awilson@byui.edu,+1-233-663-6996x9573,106000,1954-7-12,101,742,12,1987,55.1958965,160.702053,LPO 956,87
e5c750D,Gina Ruiz,Samanthamouth,Missouri,78338,602-62-7063,55,gruiz@byui.edu,+1-879-182-7175x9232,92000,1967-6-1,110,780,12,2016,-47.426063,71.907752,ZVR 375,63
7JN4otW,James Patterson,Lapwai,ID,59416,341-42-3164,61,jpatterson@byui.edu,687-331-2461,101000,1960-9-6,104,819,3,1998,-16.946659,-129.3038,166 CDD,83
dWzjosg,Heather Crawford,Atomic City,ID,22150,778-82-7588,66,hcrawford@byui.edu,(025)755-2801,117000,1956-6-18,110,797,2,1995,49.6328955,141.281493,9-85444W,72
CinaN9R,Terri Thomas,Notus,ID,28146,496-24-7218,51,tthomas@byui.edu,(455)847-5617,97000,1971-4-9,106,926,10,2000,38.307111,165.279488,YBF-766,88
r22Cf4E,Christopher Wallace,Gutierrezmouth,Arizona,30777,771-25-1121,54,cwallace@byui.edu,174.228.3317x19064,96000,1968-1-4,107,934,1,2012,-28.28342,-99.856387,MMQ-8682,97
v0nneST,Michael Nicholson,Potlatch,ID,63137,044-80-7717,48,mnicholson@byui.edu,210-073-6288x860,72000,1974-5-19,122,812,1,2014,49.4727935,79.750106,NET-4264,83
4PtuSFj,Tammy Fleming,Drummond,ID,38390,181-43-0941,54,tfleming@byui.edu,057.447.0871,112000,1967-9-8,129,755,4,2004,23.465206,59.861363,9UOC 63,80
b7nwaOY,Craig Byrd,Spencer,ID,87120,517-45-0318,64,cbyrd@byui.edu,047.764.0573x937,79000,1958-1-7,127,897,6,2001,-55.960139,58.402311,804 JOR,100
802x4l8,Timothy Ramsey,Notus,ID,84068,455-37-1881,46,tramsey@byui.edu,905.785.3119,85000,1975-10-11,96,902,6,2014,40.324955,-51.300334,910 JB0,94
74HRc6R,Molly Lamb,Mountain Home,ID,2211,486-12-0028,52,mlamb@byui.edu,(474)738-2724,72000,1970-1-5,110,854,7,2000,51.31505,166.504942,B88-VQG,82
BZPnb5P,Anna Murray,Boise,ID,15588,637-41-9687,42,amurray@byui.edu,001-759-050-4829,78000,1979-10-11,97,927,10,2010,-82.615649,107.860452,LBQ 419,65
C4OwMH2,Cheryl Mckay,Hazelton,ID,99717,643-36-1528,56,cmckay@byui.edu,409-802-5321x321,84000,1966-6-16,115,776,3,2016,-19.1653945,41.730339,09-7284G,100
j5396P1,Rachel Atkins,Minidoka,ID,92972,464-34-2733,67,ratkins@byui.edu,(028)191-9070x7064,75000,1955-5-23,122,879,1,1999,87.1911005,-101.54113,VKE-0623,92
jO7YYDJ,Steven White,New Plymouth,ID,24263,301-30-1130,48,swhite@byui.edu,(851)443-8828x044,123000,1973-11-13,118,854,11,2013,67.9554275,6.199864,SR8 9547,62
FL3OVBF,Kimberly Wright,Boise,ID,83638,477-15-9133,55,kwright@byui.edu,(560)931-5101,100000,1967-2-26,105,821,9,2002,-65.305604,136.492808,K 760570,74
N00S03x,Megan Pitts,Boise,ID,30824,086-73-5254,39,mpitts@byui.edu,221-072-2686x44808,100000,1983-4-4,98,866,9,2022,-41.2305125,118.141976,710 KCM,83
MGI5rD4,Andrew Taylor,Glenns Ferry,ID,30615,792-15-4354,46,ataylor@byui.edu,646.255.7040x23295,77000,1975-10-24,95,735,6,2016,54.4516575,155.635884,40N J43,69
Wv89V6D,Mr. James Cook,Swan Valley,ID,2453,343-52-4139,46,mjames@byui.edu,001-211-138-2432,91000,1975-10-6,97,936,11,2010,14.023958,8.372912,2F 60918,88
g1110tH,Jordan Smith,Aberdeen,ID,68288,165-84-6147,43,jsmith@byui.edu,922-140-9705x4485,121000,1979-3-20,98,949,5,2011,77.6763935,60.376666,63YI220,69
08564Em,Thomas Hernandez,Reubens,ID,38185,515-57-3920,53,thernandez@byui.edu,+1-009-381-2971,83000,1969-1-9,112,901,4,2001,19.5376775,130.699848,AQK 720,68
Qk4aalo,William Turner,St. Maries,ID,81131,346-85-6684,62,wturner@byui.edu,001-148-028-7546,119000,1960-6-17,102,773,1,1994,15.4382835,-61.432829,6-7695K,77
GX4S5Sv,Sean Cooper,Bellebue,ID,97493,815-74-5207,65,scooper@byui.edu,+1-753-515-4520,86000,1957-3-19,97,863,2,1994,37.9003755,2.620183,5R PA525,59
bDW3XB5,Stephen Adams,Newdale,ID,19851,402-50-4854,66,sadams@byui.edu,001-198-939-4796x71334,111000,1955-10-15,113,917,12,1991,-83.3446055,-142.542678,I47-26C,76
1LRVb2g,Mario Salazar,Fairfield,ID,96012,415-12-4196,51,msalazar@byui.edu,357.003.3482,115000,1970-9-21,115,883,11,2015,-16.645678,134.878212,873-FLJ,79
RLbj1Z0,Shelly Smith,Twin Falls,ID,57048,170-60-4056,39,ssmith@byui.edu,241.730.4114,71000,1983-2-9,123,876,12,2022,-22.8763415,104.378805,CIU2583,89
XPAi74b,Annette Everett,Oxford,ID,3096,251-26-3522,59,aeverett@byui.edu,(060)482-9188x0227,94000,1962-10-22,119,787,8,1995,51.731985,-36.033549,X47-43X,92
agEI10P,Samuel Spencer,Moscow,ID,62684,168-02-8079,57,sspencer@byui.edu,847-209-7221x591,80000,1964-11-22,102,813,1,2013,54.5436675,120.671491,QM4 0702,71
XzLLJ01,April Brown,Newdale,ID,21296,417-47-2968,58,abrown@byui.edu,+1-258-639-3134,87000,1963-8-4,121,756,6,1996,70.0880555,-100.067168,5ZL13,90
zsQ4skQ,Carl Weber,Midvale,ID,1833,361-04-5477,67,cweber@byui.edu,(061)322-4706x0675,82000,1955-6-26,100,925,8,1985,-47.257931,-104.650421,RZP 885,58
q30tk1v,Aaron Munoz,Mud Lake,ID,32710,131-16-5141,43,amunoz@byui.edu,942.283.2014x18925,82000,1978-7-14,120,856,9,2022,37.8361625,-43.517118,5-52147,81
CZ3yS2L,David Guerrero,Worley,ID,60537,849-92-7383,43,dguerrero@byui.edu,312-433-3924,94000,1979-2-9,129,773,10,2015,77.261606,152.084253,M44-82Y,62
f5JmG5s,Ashley Cook,Kuna,ID,10298,198-44-7559,66,acook@byui.edu,001-847-511-5797x3699,81000,1956-3-14,125,866,3,2000,7.5452155,-178.333641,63Q IF3,84
t9MlI82,Tiffany King,New Plymouth,ID,95264,047-73-2168,69,tking@byui.edu,(900)612-4920x82082,103000,1952-10-1,99,808,7,1996,-21.0430645,-138.468942,25-3980D,55
q32Oe80,Jeremy Kelley,Paul,ID,22265,707-70-4808,59,jkelley@byui.edu,612.799.1846x4360,80000,1962-7-23,116,896,6,1994,50.6989675,43.339794,V 635484,75
486813v,Sarah Sims,Ricardoshire,New Hampshire,68469,414-54-6216,54,ssims@byui.edu,(104)312-1859x1560,86000,1968-2-1,95,869,1,2014,-21.118564,-159.458004,5M004,65
j2i94AJ,Taylor Webb,Rockland,ID,7486,751-03-1597,65,twebb@byui.edu,001-354-321-0856x7668,76000,1957-3-5,124,757,1,2005,-76.4710405,169.523367,1TJ9483,54
8rAHjR4,Julie Erickson,Spirit Lake,ID,73133,122-70-1557,41,jerickson@byui.edu,169-571-6120x719,94000,1980-9-23,129,949,2,2022,-44.050367,170.954504,8JH 353,72
4RNHrwp,Ann Burnett,Franklin,ID,16114,105-47-3269,69,aburnett@byui.edu,445.253.4949x3517,120000,1953-3-12,97,813,12,1992,30.0932055,49.866621,21HF364,87
4Hi2A2C,Michael Gutierrez,Buhl,ID,72988,036-01-1181,46,mgutierrez@byui.edu,(472)987-1709,101000,1976-1-26,112,729,2,2007,-89.478329,68.54439,4O 83796,91
B4X389d,Sheila Hill,Council,ID,32744,689-39-3244,57,shill@byui.edu,+1-982-851-3228x749,71000,1965-1-1,107,815,7,2007,-9.0318445,155.000363,4MXH525,63
sxR7tja,David Schmidt,Gooding,ID,4439,758-90-0261,47,dschmidt@byui.edu,+1-589-261-5190x628,99000,1975-5-23,115,910,7,2007,-77.9441695,-95.670249,O12-05U,91
Dkc0rfz,Elizabeth Rodriguez,Malta,ID,7434,179-34-7573,44,erodriguez@byui.edu,001-167-086-0998x60585,81000,1978-5-9,114,853,6,2011,27.589924,-105.770801,5S 9K1LUW,67
5d5AeVf,Becky Taylor,Cascade,ID,55673,476-39-7304,69,btaylor@byui.edu,739-560-0051,117000,1952-9-21,109,785,5,2000,-29.141525,-35.277126,5859,68
1mkF6W0,Kimberly Kelly,Montpelier,ID,3309,224-85-8317,55,kkelly@byui.edu,510-884-2155x574,78000,1966-8-12,122,859,12,2016,72.605803,-29.890402,3FM N88,99
4S6Gy7v,Sheena Woodward,New Jerry,Tennessee,72894,306-49-2875,54,swoodward@byui.edu,176.981.1112x6177,78000,1968-3-8,113,728,4,2015,15.0357415,16.765349,64-G886,84
rHHppsY,Andrea Welch,Greenleaf,ID,3118,516-28-6354,53,awelch@byui.edu,546-422-8448,81000,1969-3-24,129,771,12,2013,-7.0255565,51.115635,BRH-078,54
fatg3Uu,Megan Mckee,Crouch,ID,58552,078-42-2510,57,mmckee@byui.edu,665.998.5625x231,70000,1965-6-10,120,934,3,2015,84.8409225,136.674548,R57-59P,73
WQ10c65,Morgan Irwin,Arimo,ID,13020,829-52-6301,47,mirwin@byui.edu,857-618-0608,110000,1974-10-26,102,920,3,2019,-64.3663905,-7.431243,457MND,71
H7De6DH,David Parker,Bellebue,ID,9019,451-74-7546,48,dparker@byui.edu,001-438-695-1669x8122,97000,1973-8-9,103,875,2,2010,-76.6976365,39.654219,SP 6210,76
l8fLTi1,Richard Jordan,Iona,ID,79463,153-94-7505,54,rjordan@byui.edu,(019)417-3489,72000,1967-7-18,101,847,11,2012,-38.0996025,-31.307499,H10 8MT,68
K04TeV3,Kimberly Hall,Basalt,ID,81219,531-13-7100,40,khall@byui.edu,525-637-7152,98000,1981-7-24,129,926,12,2022,27.3277905,-114.164589,TOD-9576,66
BzME475,Whitney Hall,Sugar City,ID,83155,239-57-2102,50,whall@byui.edu,+1-476-678-4198x4938,90000,1972-3-22,112,911,3,2004,-42.514825,-166.773933,031 7LQ,97
0t449O2,Karen Park,Heyburn,ID,89575,473-58-0856,53,kpark@byui.edu,(529)209-7266x25931,90000,1969-6-13,125,886,12,2004,-85.1340225,79.634581,813S,73
GYG9RfW,Kevin Norton,Georgetown,ID,96151,329-56-5424,42,knorton@byui.edu,(888)945-4822,81000,1979-10-19,99,883,2,2022,14.900955,-0.323393,842-CLPE,63
dkuEuoo,James Johnson,Hayden,ID,20450,370-66-2127,46,jjohnson@byui.edu,001-723-265-7701x634,103000,1975-9-26,129,792,10,2018,7.2297455,83.787101,MQR 230,64
09bQGLX,John Valencia,Juliaetta,ID,33174,388-27-1310,61,jvalencia@byui.edu,659.160.1356,119000,1961-5-24,129,828,2,1992,-55.1687975,140.316294,43M B01,78
1h4xpz1,Christopher Wilson,North Lisaview,North Carolina,4854,579-51-7674,57,cwilson@byui.edu,001-819-139-1565x1476,81000,1965-1-23,118,907,12,1996,-68.107012,-17.962809,940 QQG,63
VL0A8Uv,Kelly Shelton,Kooskia,ID,987,234-06-9925,65,kshelton@byui.edu,758-960-5387x906,95000,1957-5-9,102,739,11,1990,67.358271,-102.770377,2F940,73
7yJ3f4H,Lisa Gilmore,Arimo,ID,19616,314-74-8351,55,lgilmore@byui.edu,333-490-1990x93281,78000,1967-1-23,103,865,11,2013,26.5855445,57.210428,08R K19,87
j9ONwoe,Christina Rogers,Riggins,ID,78515,523-78-4330,53,crogers@byui.edu,6387230869,119000,1969-3-8,104,931,3,2014,-86.530946,-148.650153,VO0 4829,59
BuiuPk4,Melanie Brennan,Twin Falls,ID,74300,587-19-7318,62,mbrennan@byui.edu,(994)998-7785x889,86000,1960-3-13,110,757,4,2007,38.5658475,-82.700801,7-43620,65
QS8VRlh,Jonathan Conner Jr.,Rigby,ID,76657,761-80-3676,51,jconner@byui.edu,(201)613-5240,108000,1970-7-27,97,756,5,2014,63.7522645,68.704361,1IB 234,92
jfEP8Qr,John Pittman,Clayton,ID,4887,244-26-0759,61,jpittman@byui.edu,895-392-2480,98000,1960-10-4,120,792,2,2001,-46.4753025,155.61184,Z51-65L,58
4Szn51e,Taylor Hicks,Arimo,ID,85092,412-78-1358,47,thicks@byui.edu,793.701.2132x36181,81000,1974-9-26,113,917,6,2022,17.3633995,-39.286894,RFC 779,62
ae4iAjE,Jason Jenkins,Dubois,ID,78422,380-45-4743,64,jjenkins@byui.edu,7954189820,89000,1957-11-23,121,823,12,1999,22.9307385,-149.80042,9A 9507N,97
o1NuNs2,Joseph Ayers,Arco,ID,17162,320-96-2765,50,jayers@byui.edu,192.845.8962,105000,1972-1-4,111,831,5,2017,56.281772,107.517764,34-99407,79
JViGRZQ,Charles Anderson,Craigmont,ID,74256,184-13-0333,64,canderson@byui.edu,364-963-1555x30151,112000,1958-1-25,116,895,3,1990,-59.6386725,4.508572,450 PAV,50
4VzXS68,Caitlin Larson,Murtaugh,ID,51441,627-01-3089,47,clarson@byui.edu,398.079.0829,93000,1975-4-18,105,932,8,2009,72.453311,69.573798,529 PX9,74
M097p1b,Sandra Clark,Rupert,ID,22770,472-77-7619,38,sclark@byui.edu,543-470-7258x7208,109000,1984-3-11,127,747,9,2019,-40.9958425,76.386695,RVP-706,80
39pB5y4,Stephanie Lopez,Cottonwood,ID,75911,576-67-1534,39,slopez@byui.edu,238.448.0584x08328,124000,1983-4-9,117,805,6,2020,41.3395155,129.455737,879 PIE,65
7q8qTK5,Alyssa Patterson,Driggs,ID,96618,604-60-9899,46,apatterson@byui.edu,105.458.4375x87228,114000,1975-10-11,102,913,8,2017,79.0652825,73.341119,332 SDS,60
OatRafR,Erin Stevens,Shoshone,ID,83498,737-83-1111,54,estevens@byui.edu,880.704.4536,89000,1968-3-10,112,883,3,1998,-32.4713505,84.345523,N77 2RZ,92
bDqp3yn,Becky Moreno,Wallace,ID,42791,661-69-3018,58,bmoreno@byui.edu,982.559.3716x283,71000,1964-1-10,96,856,3,2002,69.377334,-173.718005,LQ 5295,79
RaGB7b8,Aaron Clark,Malad,ID,89561,147-47-9762,50,aclark@byui.edu,+1-443-297-4646x3893,90000,1971-7-27,101,873,7,2011,40.324946,138.22578,9P 48682,99
JRZsUYN,Mary Green,Spirit Lake,ID,97903,792-60-1802,43,mgreen@byui.edu,7149090093,106000,1979-4-21,108,909,12,2015,-3.323884,117.645361,LUF 001,78
t7Bd7G5,Stacey Evans,Swan Valley,ID,1952,684-97-3562,52,sevans@byui.edu,539-232-3151x68454,71000,1970-3-12,106,738,1,2019,35.8139145,123.544452,848 NTF,72
k8QOLXG,Erica Cole,Castleford,ID,46345,224-64-2940,56,ecole@byui.edu,815.138.6753x34896,80000,1965-11-10,108,791,11,1999,69.6217495,-73.099395,KYW 137,84
610PEkd,Michelle Lara,American Falls,ID,61007,279-34-7662,56,mlara@byui.edu,001-266-812-0610x0661,76000,1965-8-21,119,814,7,1998,88.176754,-116.479545,13-EB07,87
Gw5Ji7q,Cathy Moore,Declo,ID,73431,289-79-5152,38,cmoore@byui.edu,0755644549,88000,1984-3-8,106,740,5,2021,-28.595212,-40.597463,600-IRY,63
9gBHSpQ,Stephen Mckenzie,Glenns Ferry,ID,71676,157-47-4533,69,smckenzie@byui.edu,(495)119-6872x891,94000,1953-5-26,122,856,11,1989,2.515722,159.765316,94-WP05,100
OaJqmCX,Benjamin English,Bellebue,ID,48123,561-48-4971,57,benglish@byui.edu,+1-535-021-6930x2116,119000,1965-1-10,112,793,12,2014,-86.5995995,96.960571,XFC-463,80
NrL0z4F,James Brown,Driggs,ID,610,245-37-4900,68,jbrown@byui.edu,894.570.3072,72000,1954-1-25,122,803,11,1987,41.579355,-61.810959,EX2 2577,95
CbhJx4c,Eric Murphy,Bovill,ID,84588,571-19-6933,43,emurphy@byui.edu,145.187.6239x4089,93000,1978-10-11,128,795,7,2018,59.9852905,-148.620928,6KM G59,67
16YQT6o,Patricia Howard,Soda Springs,ID,65300,686-49-8268,47,phoward@byui.edu,001-593-527-5109x50537,89000,1974-11-10,112,800,11,2018,81.076832,-90.40635,QR 8747,55
0IEVaKN,Larry Burns,Mackay,ID,79601,697-59-2589,69,lburns@byui.edu,001-474-869-4391x0605,83000,1953-3-3,111,901,10,1987,-88.749666,90.374833,7WU F83,57
1DE2Jiy,Ray Lucas,Mountain Home,ID,20576,553-12-1120,52,rlucas@byui.edu,128-866-7474x7224,97000,1969-10-2,113,948,11,2009,-7.1306025,154.128664,TRC 404,85
hq27IVn,Mark Spencer,Middleton,ID,73697,399-08-0848,49,mspencer@byui.edu,393-918-7034,91000,1973-1-5,99,920,10,2013,65.6391605,-57.738671,U81-05Q,72
Em4PEoZ,Amanda Hall,Kimberly,ID,61923,765-57-6280,46,ahall@byui.edu,001-057-316-3639x1484,75000,1975-7-19,124,815,4,2012,61.3604575,83.083772,TBL-506,92
Dc1Xui1,Alisha Snow,Burley,ID,49855,331-06-0290,67,asnow@byui.edu,504-684-5044x997,118000,1955-6-13,99,942,3,1986,-31.088652,-62.126755,076342,58
bf5uvOD,Christopher Hunt,Island Park,ID,44308,675-09-8345,56,chunt@byui.edu,001-357-812-1235x5924,100000,1965-7-12,110,798,4,2013,61.812582,-9.304724,459 RX3,100
CbPjJ4E,Doris Randolph,Mud Lake,ID,3591,071-28-3472,59,drandolph@byui.edu,5962022555,88000,1962-9-22,118,855,1,2005,62.502204,-28.267127,002 VHU,94
65i3ae9,Rachel Williams,Post Falls,ID,31976,181-30-0750,66,rwilliams@byui.edu,055-172-7845x88123,85000,1955-11-27,117,745,3,1998,-62.313323,120.746744,0B 19707,82
96W7L7l,Monica Campos,East Lisabury,Indiana,33331,208-64-0296,59,mcampos@byui.edu,+1-563-801-4950,117000,1963-3-8,123,930,9,1994,-38.2508055,-164.770454,G42-LHD,75
78rVbM7,Laura Pollard MD,Kimberly,ID,92340,094-96-6138,65,lpollard@byui.edu,8961071606,81000,1957-6-5,107,807,2,1998,-24.718803,149.997857,KYW-960,78
dmJEf3Z,Alfred Hansen,Firth,ID,44955,007-01-7647,40,ahansen@byui.edu,547-034-2956x10438,111000,1982-3-9,113,941,12,2011,-76.0203,-29.658167,WCH 576,79
t6DQjA5,Michael Summers,Lava Hot Springs,ID,40745,262-85-0359,65,msummers@byui.edu,001-395-152-5593,111000,1957-2-17,112,891,4,1992,-49.333141,29.444677,CO 3852,53
cmGPniR,Peter Jones,Oakley,ID,5638,449-63-1052,65,pjones@byui.edu,248.736.4298,107000,1956-8-22,109,746,12,1989,-30.089059,-78.847985,MPX 073,68
MVRbR8x,Manuel Nunez,Bloomington,ID,64723,143-98-6465,63,mnunez@byui.edu,001-359-924-6059x6569,119000,1959-6-3,115,881,1,2007,-13.0219485,50.351922,UGP7644,73
LE1TY8V,Katherine Stanton,Caldwell,ID,41922,079-74-2805,43,kstanton@byui.edu,001-836-692-3915x73929,122000,1979-6-14,125,803,3,2022,-35.678409,14.977947,JWE 4698,58
tB97c24,Mitchell Butler,East David,Massachusetts,57625,660-10-6238,44,mbutler@byui.edu,633-339-4178,123000,1977-8-15,117,839,5,2021,-65.3397735,89.664643,KEY B12,100
1It9S93,Timothy Myers,Mullan,ID,32946,384-77-9986,43,tmyers@byui.edu,413.018.2698x47672,78000,1979-1-13,124,852,11,2017,-86.6292845,-90.581178,397OVT,74
WN7Uk3s,Emily Hayden,Cottonwood,ID,55365,224-91-0314,53,ehayden@byui.edu,7456959406,104000,1968-7-8,98,877,11,2003,11.295405,-102.956436,30-75148,74
zofdXv2,Brian Johnson,Parma,ID,91770,084-70-9035,50,bjohnson@byui.edu,+1-298-137-8193,97000,1972-2-19,126,763,6,2006,-69.399303,92.653007,8-O0788,83
GnEMG77,Tina Meyer,Smelterville,ID,21197,284-29-0117,62,tmeyer@byui.edu,006.575.8864,92000,1959-7-5,117,927,6,1992,36.1499535,-104.714595,H60-QGY,70
S7rHly2,Jonathon Harper,Stites,ID,70490,537-57-9742,64,jharper@byui.edu,086.866.7567x1385,110000,1957-9-21,119,925,7,1999,-6.323492,134.511112,819-LOKO,79
40rArc4,Michael Nolan,Fernan Lake,ID,30131,645-50-7804,42,mnolan@byui.edu,+1-734-169-8278x99804,86000,1980-3-15,103,908,1,2012,61.3715575,-87.992865,YC2 O3L,59
tfvVD5v,Briana Miller,Declo,ID,92123,214-53-3351,64,bmiller@byui.edu,(285)714-1500x761,85000,1957-11-3,113,908,5,1992,87.721318,-32.18338,723-SXUW,89
kv3Mt52,Deanna Martinez,Parker,ID,95912,679-91-7467,58,dmartinez@byui.edu,126-575-6606,90000,1964-3-24,102,754,8,2000,70.489478,-82.551752,RDL 598,96
gxVq374,Christina Duffy,Wardner,ID,93910,524-33-3720,66,cduffy@byui.edu,+1-412-632-4676x1796,97000,1956-2-12,106,740,2,1998,80.750939,-24.441841,UZC J72,96
yFq5agp,Anthony Martinez,Wendell,ID,84789,600-55-4340,63,amartinez@byui.edu,104-222-3541x178,116000,1959-6-17,123,807,10,1999,-61.5450845,137.89283,221 WEH,92
RP3vndi,Christopher Fuller,Patette,ID,8054,608-03-3914,66,cfuller@byui.edu,275.412.6952x68909,74000,1956-4-1,114,842,2,1992,-32.355772,-17.138527,LYD 272,81
xi42irU,Marcus Hudson,Clayton,ID,90847,527-29-7430,52,mhudson@byui.edu,539-998-7749,74000,1970-1-2,121,833,7,2010,74.62937,-144.179914,0WB15,100
V6MKke0,Tara Mcintosh,Parker,ID,67058,617-78-9134,64,tmcintosh@byui.edu,781-517-0328x8194,122000,1958-3-8,113,897,2,1999,18.340891,-96.796781,FYS 630,58
YTs1m9o,James Weiss,Preston,ID,6969,497-84-3532,53,jweiss@byui.edu,1046810298,120000,1969-4-16,108,892,10,2005,9.2009715,-37.583093,M06-96U,88
2hU8TRP,Audrey White,Hayden,ID,92317,890-05-6576,66,awhite@byui.edu,001-520-431-7923,76000,1956-3-12,102,916,4,1988,40.862247,71.029373,43M V44,78
o6atTgV,Mr. Sean Steele PhD,Carey,ID,62116,520-02-9211,41,msean@byui.edu,983-879-7600,99000,1981-5-22,107,946,8,2017,-58.271932,-78.145316,X33 2SN,77
X006pUa,Ashley Hutchinson,Iona,ID,31806,658-10-8889,57,ahutchinson@byui.edu,+1-526-988-1207x212,71000,1965-4-14,119,932,5,2013,-31.596915,-28.531892,T 865552,80
7HcxnU1,Gina Carpenter,Kellogg,ID,33604,107-57-2527,54,gcarpenter@byui.edu,078.355.7816x89629,76000,1968-6-8,117,765,10,2012,39.0096325,162.018577,05AS270,60
BIbqrXJ,Michael Thomas,Bellebue,ID,35710,020-19-6993,62,mthomas@byui.edu,200-830-8307,92000,1959-9-22,112,930,5,2009,23.689617,32.675814,ZBV 053,91
7sM2KAE,Abigail Jacobs,Hailey,ID,80658,729-48-9781,66,ajacobs@byui.edu,(139)731-3545x157,82000,1955-7-19,125,834,3,1999,-81.68283,-126.394626,L73-WMS,67
e2gv115,Jennifer Rojas,Sandpoint,ID,8954,892-25-4113,60,jrojas@byui.edu,653.242.5846x73976,119000,1962-6-24,116,927,3,2003,15.719085,-19.926213,660-ERC,79
9N5ZiTH,Rebecca Cruz,Grangeville,ID,49385,546-97-2283,41,rcruz@byui.edu,(462)816-3507x240,117000,1981-6-8,123,918,4,2022,84.55569,-108.856471,TUI-986,77
Lx97088,Rebecca Moore,Wallace,ID,44102,529-25-4591,66,rmoore@byui.edu,6685862151,120000,1955-11-22,122,926,4,1994,-5.6450815,63.085126,438 EWT,93
1xZOxrC,Lisa Fisher,Montpelier,ID,30545,638-72-3723,67,lfisher@byui.edu,001-974-059-1507x55278,78000,1955-4-12,116,795,7,2002,24.7866185,-92.950295,FDI X71,65
7GlizDR,Patrick Hall,Malta,ID,90434,077-31-4339,64,phall@byui.edu,516-346-6082x2566,80000,1958-1-17,111,756,1,2004,-25.8847425,8.169318,ZYG-128,93
Jw84RVi,Isabel Graham,Heyburn,ID,55045,468-61-2958,58,igraham@byui.edu,553-669-6750,70000,1964-3-18,96,735,6,2014,12.9700415,-120.983623,TUL 204,92
1akfK1p,Ashley Valdez,Riggins,ID,42754,240-59-0519,56,avaldez@byui.edu,(671)760-7777x660,76000,1965-7-20,103,784,4,2009,-27.674016,49.903001,444TYE,62
q68x69V,John Ortiz,Basalt,ID,22220,646-19-2570,54,jortiz@byui.edu,(641)129-4663x111,85000,1967-9-14,117,866,11,2015,80.7719335,-39.529387,81-SM54,75
6N96I2s,Connie Gates,Kuna,ID,41397,229-75-3592,47,cgates@byui.edu,(675)455-1787x77679,90000,1975-1-25,106,778,8,2013,-73.166167,-72.597643,E40 5SV,65
mG412P3,Debra Anderson,Minidoka,ID,89450,417-26-7844,52,danderson@byui.edu,689-795-3137,92000,1969-9-5,99,799,9,2003,-43.9266715,-98.742265,51K 443,72
E4p4fy0,Krystal Thompson,West Megan,Arkansas,76474,408-19-2424,63,kthompson@byui.edu,042.019.2110x927,84000,1958-7-27,100,800,1,2000,-25.6263335,-134.868535,EO 52800,74
1P5SBMZ,Matthew Gonzalez,Mackay,ID,70008,013-17-2286,48,mgonzalez@byui.edu,+1-322-251-9072x31517,77000,1974-3-14,99,727,3,2012,-70.870465,161.079667,P14 8IW,69
C6FGZNt,Robert Carter,Garden City,ID,66331,643-47-3224,64,rcarter@byui.edu,514-135-9582x7332,117000,1958-4-16,99,795,9,2007,42.5289835,-64.427471,22-3824Z,60
oiq33gd,Terri Gross,Horseshoe Bend,ID,8044,505-51-7084,52,tgross@byui.edu,+1-832-077-1910x5424,93000,1970-1-21,106,921,3,2016,-30.618616,-11.562135,GJX-7610,69
50GZ15E,Robert Stevens,White Bird,ID,65475,062-05-2918,65,rstevens@byui.edu,703-100-2041x972,95000,1956-9-21,101,875,6,2003,-55.8558335,-101.454874,WZN-0714,90
lLjX5bE,Frank Gordon,McCall,ID,36681,755-76-5077,63,fgordon@byui.edu,370-677-8514x0932,120000,1958-10-5,99,829,7,1996,-81.8611435,172.50275,003RVS,93
4nk4Be9,Joshua Jones,McCall,ID,76058,138-05-9069,37,jjones@byui.edu,001-282-949-6927x05297,89000,1984-8-16,121,785,4,2021,-2.4025375,98.346791,656-RTC,84
6n3K76T,Nicholas Ortiz,Parma,ID,72974,850-73-1957,54,nortiz@byui.edu,(085)036-1151,77000,1968-5-13,97,862,1,1999,22.9656875,110.185006,IXO-469,84
LKq5276,Nicole Mcguire,Lewiston,ID,21819,332-66-1423,67,nmcguire@byui.edu,(389)075-7138,90000,1954-10-2,108,921,10,1987,11.648591,33.063177,OLC 256,86
0zqtjJv,Michael Buchanan,Spencer,ID,79770,354-17-8514,70,mbuchanan@byui.edu,001-228-306-7785x433,77000,1952-6-23,101,846,7,2000,47.2800725,49.840135,72-BX49,59
8ay74ge,Cynthia Petty,Declo,ID,39227,777-22-1321,67,cpetty@byui.edu,146.888.3736,100000,1954-9-15,112,760,2,2003,32.4335265,131.275531,64S N75,64
siRDjYK,Brett French,Bellebue,ID,33911,724-89-3523,41,bfrench@byui.edu,461-543-5740x75835,76000,1981-2-19,106,733,1,2011,64.078165,3.495333,APK 5883,95
7nf4mOw,Javier Guerrero,Juliaetta,ID,79888,208-38-8698,60,jguerrero@byui.edu,(850)986-9615x78824,124000,1962-5-12,95,851,5,2002,81.504647,-46.565629,88W KK5,73
Ae3Stdn,Angel Gonzalez,Juliaetta,ID,1417,078-48-7063,69,agonzalez@byui.edu,771-343-2270,109000,1953-2-9,115,770,12,2001,-70.31451,-80.416071,ZXG-8654,58
2nm9F35,Jeff Green,Post Falls,ID,81839,811-54-3406,47,jgreen@byui.edu,001-533-912-1427x202,118000,1974-10-1,98,931,8,2015,70.0114385,70.682171,102-OAS,67
41e3EX1,Brooke Avila,Eagle,ID,62390,480-96-4816,40,bavila@byui.edu,001-907-683-9500x21816,78000,1982-1-10,124,947,9,2022,-49.8739305,31.62754,188-TBK,85
Zq1PY5v,Audrey Hebert,Rexburg,ID,55716,673-68-8019,37,ahebert@byui.edu,+1-111-943-4347,85000,1984-7-16,112,906,12,2022,61.4918245,-166.624872,HAS 407,67
57v7Y6N,Paula Brown,Patette,ID,13771,494-34-1078,69,pbrown@byui.edu,331-947-9574x794,101000,1952-9-9,112,827,12,1992,88.0069395,-104.171381,14-07170,59
zQk59GP,Joshua Rose,Garden City,ID,10266,362-64-5910,51,jrose@byui.edu,268.152.7225,112000,1970-10-7,108,903,3,2012,-20.2716785,4.928487,148 VTS,62
ac7Y22i,Yolanda Molina,Kamiah,ID,85800,509-07-6624,67,ymolina@byui.edu,(847)010-9377,107000,1955-1-6,122,751,7,2000,-34.712621,77.540903,0WT F41,98
sqKoJ5Q,Stephanie Haas,Oakley,ID,13508,736-78-8979,48,shaas@byui.edu,(490)447-0747x653,93000,1973-10-5,125,932,2,2009,-33.4516765,-78.337845,56W M72,70
a6i92Sa,John Woods,Idaho Falls,ID,83518,221-12-3136,64,jwoods@byui.edu,658.728.3628x90282,89000,1958-6-20,107,792,5,1987,87.6430085,-31.921177,878 FIR,76
wpV2P3i,Timothy Munoz,East Hope,ID,32378,250-03-9710,60,tmunoz@byui.edu,001-099-965-7609x063,96000,1962-5-6,129,812,3,1992,-2.2433335,143.878612,9A QZ181,86
SbLCo2i,Angela Robbins,Hazelton,ID,84961,749-59-6720,56,arobbins@byui.edu,(057)635-8534x95887,96000,1965-7-19,105,926,10,2011,29.052273,-120.160871,EF4 C4X,65
RWnkNum,Susan Weber,Kimberly,ID,19759,786-62-8060,63,sweber@byui.edu,+1-067-645-3186x6093,70000,1959-4-19,118,892,8,2005,71.162982,-8.854542,2-R0938,87
70Q87Le,Amy Perez,Moscow,ID,82869,008-82-5521,42,aperez@byui.edu,+1-970-016-9261x32679,78000,1980-5-6,119,754,2,2022,-28.1351065,37.734055,0E 59093,51
vEuM1nd,Kelly Owen,Iona,ID,92275,378-21-4199,70,kowen@byui.edu,7090802827,87000,1952-1-11,115,827,5,1986,-52.868353,173.584935,G15-17P,91
RAFPOjb,Suzanne Chaney,Paris,ID,51180,769-29-3556,52,schaney@byui.edu,001-727-418-5079x636,103000,1970-6-1,123,750,7,2017,41.5273045,131.311675,TKW-099,66
p250Gcd,Karen Welch,Albion,ID,87850,623-77-9187,59,kwelch@byui.edu,+1-098-074-9869x546,96000,1963-1-22,101,927,11,2013,-38.7849495,2.599487,1WU A76,68
42BrI5V,Pamela Jackson,Priest River,ID,94711,030-66-7697,69,pjackson@byui.edu,(131)780-2045,104000,1953-5-8,126,735,3,1988,49.224566,106.343895,3035 LY,81
0i50S2n,Elizabeth Parker,Placerville,ID,99916,893-22-8877,38,eparker@byui.edu,(591)248-5033x1029,106000,1984-3-17,106,767,1,2022,85.983903,-38.966855,66-7140R,91
720CqKd,Willie Hicks,Deary,ID,47114,669-06-2534,69,whicks@byui.edu,+1-142-518-1578x24156,74000,1953-5-16,115,822,3,1990,85.143412,-144.853664,205 NEH,70
P370b76,Thomas Ross,Coeur d'Alene,ID,2502,577-30-4985,63,tross@byui.edu,791.126.9017x9214,73000,1958-8-19,95,853,4,2007,-53.913806,-118.253172,667065,100
HOHEyo4,Erin Anderson,Basalt,ID,33739,571-57-9517,51,eanderson@byui.edu,(736)428-5773x8259,121000,1970-7-9,95,934,11,2004,-58.1246065,-48.093206,7GY 785,65
4I7G97H,Willie Simon,Malad,ID,68885,790-13-1499,54,wsimon@byui.edu,(363)621-4311x50156,119000,1968-5-24,125,866,8,2000,-50.733047,133.989258,KRW 123,77
LXmLF4h,Sharon Barron,Bovill,ID,82246,612-25-5952,67,sbarron@byui.edu,+1-260-567-7582x320,105000,1955-2-12,96,816,6,1996,-70.6881315,-36.473081,040 HWG,72
G6u9MAh,Lindsay Cooley,Arimo,ID,22338,485-80-1845,68,lcooley@byui.edu,+1-946-007-3829,76000,1954-6-25,102,747,6,1999,37.5445215,-117.845594,RV4 Q6B,92
AdAP282,Cody Baker,Eden,ID,58689,472-11-0590,53,cbaker@byui.edu,691-880-1399x7601,98000,1969-5-21,124,827,6,2003,-13.1727735,21.307508,13FR368,77
8xJtDf0,Katelyn Fuller,Lapwai,ID,92911,104-25-8991,68,kfuller@byui.edu,784-062-0659x027,122000,1953-11-1,121,780,1,1986,0.982916,5.751636,NUQ 3392,84
yc2D6VX,Jeremy Bailey,Iona,ID,91396,534-17-7779,51,jbailey@byui.edu,267.899.9015,106000,1971-1-21,96,899,7,2014,84.2960245,-99.292817,E31-YEJ,57
rUpZ7ds,David Conley,Williamsburgh,Georgia,73089,661-49-9386,50,dconley@byui.edu,736-732-7181,111000,1972-2-7,125,850,5,2009,26.412369,-50.588685,BCY-6758,58
dzzS9lU,Anna Davidson,Emmett,ID,88142,409-73-5679,70,adavidson@byui.edu,001-592-689-5061x671,93000,1952-4-26,114,793,4,1991,6.982674,52.261961,125 FSR,93
P22JWVC,Matthew Odom,Star,ID,28839,411-88-2482,50,modom@byui.edu,325-015-8690x64951,78000,1971-10-11,114,936,2,2016,66.3057665,-131.610037,0DM6573,68
3w5D4yT,Jessica Mullins,Victor,ID,12211,121-18-0529,42,jmullins@byui.edu,009-444-7057x97787,102000,1979-8-13,117,832,10,2022,-55.2926845,-178.19406,4SF 863,70
v1B0a30,Abigail Carter,Leebury,Maryland,12899,101-75-6157,51,acarter@byui.edu,(441)312-2141,122000,1971-1-3,113,787,4,2006,-22.7601025,-175.702872,STL-1593,85
03SkH42,Adam Howard,Meganport,South Dakota,3151,052-14-6142,47,ahoward@byui.edu,(170)529-4720x506,115000,1975-6-26,112,734,11,2022,-75.835806,-169.945124,029 0026,94
L9X7DsM,Adam Cox,Coeur d'Alene,ID,66867,242-52-4112,62,acox@byui.edu,(468)461-4596,88000,1960-4-8,118,924,11,2009,55.4655655,-147.989401,588-GNR,60
25Z4zL8,Christian Fox,Cottonwood,ID,20182,576-02-7049,67,cfox@byui.edu,+1-891-135-6159x53788,92000,1954-10-8,121,838,3,1985,-23.846511,71.647134,8SUN817,97
5JnYmYi,Kelsey Travis DVM,Rathdrum,ID,66260,697-52-0158,44,ktravis@byui.edu,(670)940-5268x487,100000,1978-2-2,98,736,4,2011,74.3581225,21.989998,912-KPX,74
dl15The,Vanessa Richards,Meridian,ID,30371,313-20-3348,39,vrichards@byui.edu,669.078.2060x133,92000,1982-7-7,120,870,4,2019,40.322748,170.78938,CUV-8728,99
XhKjpi3,Taylor Boyd,Victor,ID,60615,413-21-5803,52,tboyd@byui.edu,(435)188-5162x8751,124000,1970-5-17,106,937,5,2006,-62.8187465,159.173805,95X RA9,62
ko8513m,Tracy Taylor,Homedale,ID,29467,393-78-2703,44,ttaylor@byui.edu,376-271-3704x11861,87000,1977-9-25,118,767,11,2009,-85.602236,-101.115948,879DU,73
dw192br,Christian Rhodes,Kooskia,ID,29707,330-25-1207,53,crhodes@byui.edu,592.451.3168x18241,83000,1968-8-24,109,737,5,2001,-27.48644,-118.196083,ZEQ 531,84
YWiY625,Scott Henderson,Arco,ID,54957,132-61-2602,38,shenderson@byui.edu,+1-425-545-4267x1100,80000,1983-11-20,119,806,11,2022,4.0749265,91.974744,JKG-9480,88
GoTjtlz,Stephanie Delgado,Roberts,ID,71239,484-43-0354,57,sdelgado@byui.edu,128-089-3355x5068,80000,1964-7-26,126,822,3,2007,82.6149555,174.678924,ZRV 006,88
25xAm5D,Laura Cole,Potlatch,ID,63056,758-94-9566,39,lcole@byui.edu,(906)367-6203,124000,1983-6-2,100,883,10,2014,-20.898762,42.097441,75LG335,59
41w3mWP,Tina Flynn,Craigmont,ID,90214,002-63-4362,47,tflynn@byui.edu,(341)807-0273,80000,1975-2-16,113,921,7,2016,71.163367,77.993653,D40 9EL,88
1EVi2d1,Brian Brown,Mountain Home,ID,55410,554-04-9814,69,bbrown@byui.edu,(942)529-5917x555,122000,1953-6-8,120,912,4,1989,16.9821515,-170.849489,F02 8UO,55
WT3GWR2,Joshua Smith,Spirit Lake,ID,94783,066-40-5075,64,jsmith@byui.edu,352-334-4326x482,94000,1957-9-13,113,853,8,2004,64.4451305,-169.416907,RRN-0277,65
L1OW8Xu,Melissa Burgess,Drummond,ID,79333,600-18-9435,43,mburgess@byui.edu,(310)940-8488x88839,100000,1979-6-17,97,740,10,2011,13.2842095,-131.819301,123-HDK,52
QFRVwyB,Donna Curry,Sugar City,ID,14126,853-65-3664,64,dcurry@byui.edu,001-217-553-3302,93000,1958-3-21,112,902,6,1989,81.993545,-81.84109,E72 6MG,60
NqkBs29,Robert Edwards,Osburn,ID,38827,266-64-6763,49,redwards@byui.edu,+1-598-264-3013x848,89000,1973-2-27,101,791,9,2003,29.8617605,122.49698,601 0JK,70
LD265Uc,Matthew Newman,Toddstad,New Hampshire,24278,249-92-9577,62,mnewman@byui.edu,535.391.8642x3879,107000,1959-7-3,129,753,6,2008,-15.8210045,-105.782811,998CHU,70
RtPAVTE,Amanda Ruiz,Arco,ID,13123,446-49-8475,69,aruiz@byui.edu,(400)273-6265,111000,1952-7-13,125,895,12,1998,34.4170385,170.845017,5I 7F0QGV,88
RX3U9h8,Daniel Martin,Jonesfort,Wisconsin,27975,280-80-6178,56,dmartin@byui.edu,(392)653-7411,117000,1965-11-19,106,760,10,2001,-69.566781,-172.122467,UB 47487,57
2huEF92,Ryan Lloyd,Franklin,ID,10963,502-10-5608,64,rlloyd@byui.edu,260.841.7561,116000,1957-11-5,114,818,9,1988,34.208263,-164.313298,CBR 862,89
WwY9a3i,Betty Nicholson,Grangeville,ID,15401,022-97-0496,50,bnicholson@byui.edu,(442)447-2780,90000,1972-3-23,125,888,11,2001,-77.744459,-130.140825,844-074,71
OS9Kxz9,April Moore,Nampa,ID,92850,423-88-3128,69,amoore@byui.edu,518-065-9991x9720,80000,1953-5-2,113,834,3,1987,-74.404861,101.793175,496 2752,64
83CCuhB,James Clay,Roberts,ID,12992,736-08-3779,46,jclay@byui.edu,(725)114-1518,111000,1976-2-11,108,938,2,2018,-80.5367945,-122.297109,VMQ5926,93
0zf4V4G,Brian Thompson,Mackay,ID,83035,769-43-8136,54,bthompson@byui.edu,372.263.8375,124000,1967-9-6,96,754,4,2013,-10.467017,172.369733,71-M672,50
Z5PDMZ1,Joshua Scott,Culdesac,ID,93839,300-29-4683,66,jscott@byui.edu,+1-751-164-9273x933,93000,1956-2-7,121,792,7,1994,-65.534212,-169.50252,257SAX,69
vB25ID5,Lisa Johnston,Worley,ID,8925,521-82-1853,49,ljohnston@byui.edu,087.521.0028x6986,77000,1973-1-19,112,783,2,2004,47.075611,119.201839,487 YJX,84
2nH00oi,Amanda Bradley,Bovill,ID,72704,668-78-3735,45,abradley@byui.edu,2580068278,107000,1976-10-27,120,726,4,2022,-49.2002685,-150.188941,2R 0448N,87
5977EMa,Kristen Ruiz,Rupert,ID,87680,692-97-6894,52,kruiz@byui.edu,+1-944-474-9578x4924,120000,1969-9-7,99,779,12,2009,-66.507053,156.194516,687-840,61
y0BBM97,Jamie Brown,Clark Fork,ID,49834,504-40-7430,52,jbrown@byui.edu,001-820-917-7343x40838,78000,1970-3-18,98,802,12,2013,60.944834,123.082221,XA4 4822,55
Ms8yvxo,Bethany Decker,Bovill,ID,36644,189-38-6364,52,bdecker@byui.edu,(712)830-4310,71000,1969-11-14,103,772,6,2015,-54.169167,-16.05266,FWS 095,63
RZhG5KQ,Diana Sanchez,Twin Falls,ID,18424,879-18-2763,38,dsanchez@byui.edu,(675)670-3928x602,109000,1984-4-18,112,939,11,2014,87.906239,-96.399009,874T,94
GAf0o3z,Keith West,Orofino,ID,93932,420-62-6070,38,kwest@byui.edu,234.171.5894x761,85000,1983-10-10,95,845,3,2022,-55.976876,110.416351,265-BOG,63
28E19of,Jason Buchanan,Fernan Lake,ID,2785,094-04-8642,41,jbuchanan@byui.edu,415.676.3507,121000,1980-10-4,95,932,1,2011,1.986856,151.340229,2ES9574,93
0QDMQK2,Michael Ramsey,Pocatello,ID,38490,235-69-8510,38,mramsey@byui.edu,001-511-242-1566x380,83000,1984-4-18,104,910,5,2016,62.890472,124.302477,17ZY3,92
O0PC0HI,Stephen Wilson,Wendell,ID,54767,121-29-4015,57,swilson@byui.edu,446.364.4914x8400,71000,1964-7-1,107,833,12,2004,44.8848095,-66.553142,ZSK 503,92
mx6c5af,Jodi Lee,Wardner,ID,40567,056-59-7912,51,jlee@byui.edu,001-705-306-4400x56713,77000,1971-1-23,97,939,2,2019,-38.56536,30.93849,MII 343,91
iLHfB5v,Kimberly Mooney,Ashton,ID,26877,036-75-4629,48,kmooney@byui.edu,(967)950-7709,116000,1974-1-21,102,941,7,2015,-23.318936,-23.99436,19V B18,83
ccthzf6,Emily Flowers,Glenns Ferry,ID,65256,263-95-4087,54,eflowers@byui.edu,+1-340-756-6851x87140,96000,1968-4-8,95,740,1,2010,-39.096487,7.540511,4-60423,86
wCCy8v8,Matthew Hernandez,Clifton,ID,81597,183-79-8366,39,mhernandez@byui.edu,(808)500-3765x069,112000,1982-9-15,102,842,10,2022,-66.8320945,-53.647657,MHB 845,97
4kC62Fu,Lauren Esparza,Parma,ID,80232,229-43-2720,61,lesparza@byui.edu,+1-154-150-6701,71000,1961-6-12,97,862,7,2002,16.4368565,-169.776656,N90 4TG,89
9d207zl,Gail Williams,Wardner,ID,35151,844-92-7697,62,gwilliams@byui.edu,2205589233,104000,1960-2-27,105,944,5,1989,-42.8450335,-135.068329,12-6192K,88
h8HhSx6,Jeffery Chen,Chubbuck,ID,72096,614-77-9061,64,jchen@byui.edu,(489)694-6604x63815,77000,1958-4-1,119,730,8,2007,81.9748485,-19.657066,Y68 2NL,87
bRq90q9,Vicki Wood,Irwin,ID,98529,508-39-8670,54,vwood@byui.edu,001-375-697-7474x4527,77000,1968-6-1,118,730,1,2001,-19.333889,16.230178,DFA 962,77
AVtcOdx,Carrie Montes,Pocatello,ID,43142,890-29-2849,47,cmontes@byui.edu,+1-902-548-0967x526,123000,1975-5-13,112,748,1,2022,-31.3316455,83.638991,H28 9VY,88
4L0mg3q,Brianna Hendrix,Ferdinand,ID,92539,529-64-5347,48,bhendrix@byui.edu,540.832.3268x706,110000,1974-1-2,107,890,1,2022,-52.93727,-22.675042,M88 6EI,76
BS41YDA,Daniel Williams,Juliaetta,ID,33177,682-65-2539,64,dwilliams@byui.edu,(344)790-7413x99919,96000,1958-4-20,124,948,8,2000,-30.49173,151.526754,YTL-021,96
